,,,,,,,,,,,,,,,,,,,
Category,,Tên Sản phẩm ,Tên tiếng Anh ,Xuất hiện ở Trang chủ ,Flag ,Tag line ,Giá gốc ,Giá khuyến mãi ,% khuyến mãi ,Tiết kiệm ,Dung tích,Quà tặng,Mô tả sản phẩm ,Thành phần ,Giấy kiểm nghiệm ,Hướng dẫn sử dụng ,Chính sách giao hàng ,Review sản phẩm,Link ảnh sản phẩm 
Mỹ phẩm vi sinh Hoa Ngân ,,XỊT DƯỠNG CHUYÊN SÂU,"BIO MIRACLE ESSENCE
",có,,Kiểm nghiệm không kích ứng / Dành cho mọi loại da/ Dùng được cho phụ nữ có thai & trẻ em,499000,,,,50ml,,"
Giải pháp nuôi dưỡng chuyên sâu đa tầng dành cho làn da. Đặc biệt dùng cho da quá mỏng yếu, tổn thương nhiều, lộ mạch máu.

Cung cấp lợi khuẩn sống - Phục hồi hàng rào bảo vệ da 
Lactobacillus spp. và Bacillus spp. được chứng minh là 02 lợi khuẩn quan trọng đối với sức khoẻ làn da nhờ khả năng cân bằng Hệ Vi Sinh da bị rối loạn, tăng cường sức khoẻ của 3 hàng rào bảo vệ da (Vật lý, Hoá học, Sinh học), ngăn ngừa lão hóa, làm sáng da, dưỡng ẩm và hỗ trợ xử lý các vấn đề da.

Công trình 20 năm nghiên cứu của Chúng tôi tập trung phát triển, thuần hoá Hệ Lợi Khuẩn Lactobacillus spp. và Bacillus spp. chuyên biệt với sức đề kháng cao để mang lại hiệu quả tối đa trên da. 

Thảo dược bản địa tự nhiên - Công nghệ vi sinh 
Thảo Dược tự nhiên được trồng và khai thác tại những vùng có thổ nhưỡng tốt nhất tại Việt Nam và đáp ứng các tiêu chuẩn khắt khe: không phân bón hóa học, không thuốc bảo vệ thực vật, không chất kích thích tăng trưởng, không chất bảo quản,…
Bằng Công Nghệ Vi Sinh, Chúng tôi LOẠI BỎ ĐỘC TỐ tự nhiên đồng thời GIỮ LẠI TRỌN VẸN DƯỢC TÍNH của Thảo Dược hướng hữu cơ, giúp tối ưu hóa hiệu quả và mang đến dòng sản phẩm an toàn, chứa đựng sức mạnh thuần khiết từ thiên nhiên. 

Công Dụng
Cấp ẩm chuyên sâu, cân bằng và duy trì độ ẩm cho da
Cải thiện dấu hiệu lão hoá
Cải thiện độ đàn hồi 
Mang lại vẻ ngoài căng bóng, rạng rỡ 
Sạch nhờn & se chân lông
Làm mát da
Hỗ trợ chăm sóc làn da tiếp xúc thường xuyên với nắng, môi trường ô nhiễm và khói bụi","Water (Nước)
Aloe Barbadensis Extract (Chiết xuất Lô Hội)
Hydrolyzed Swiftlet Nest Extract (Chiết xuất Tổ Yến)
Lactobacillus
Bacillus
Saccharomyces","Độ An Toàn Của Sản Phẩm Đáp Ứng Các Tiêu Chí KHÔNG:
Đã được kiểm nghiệm Chỉ tiêu kích ứng da
Không chứa chất hóa học Corticoid
Không chứa hương liệu và màu nhân tạo
Không chứa chất bảo quản gây hại
Không chứa cồn xấu
Không chứa Paraben và dầu khoáng","Sản phẩm được sử dụng theo 2 cách:
Cách 1: Xịt trực tiếp lên mặt (giống xịt khoáng). Xịt khi da mặt không bôi thoa mỹ phẩm khác. Xịt từ 3-7 lần/ ngày (không giưới hạn lượng xịt trong ngày)

Cách 2: Đắp mặt nạ ủ. Làm ướt bông tẩy trang bằng Xịt dưỡng, Tách lớp bông tẩy trang cho mỏng vừa đủ và đắp lên da. Đắp lớp mặt nạ ủ nilon bên ngoài để ngăn bốc hơi. Đắp từ 40-90 phút. Sau khi đắp xong không cần rửa mặt lại với nước. 

Vui lòng đọc kỹ Hướng Dẫn Sử Dụng trước khi sử dụng tại đây: Cẩm nang hướng dẫn sử dụng 
Khi mua sản phẩm bạn sẽ được đồng hành 1:1 với tư vấn viên, bạn cũng có thể liên hệ tư vấn viên để được giải đáp thắc mắc kịp thời. ",,,https://drive.google.com/drive/folders/1YzVZL7W1VRZmNYfhBXYYGWaAMUFoPjqR?usp=sharing
Mỹ phẩm vi sinh Hoa Ngân ,,TINH CHẤT TÁI SINH VI SINH 2.0,BIO REGENERATING ESSENCE VI SINH 2.0,có,,Kiểm nghiệm không kích ứng / Da nhạy cảm / Dùng được cho phụ nữ có thai & trẻ em,549000,,,,50ml,,"Giải pháp chuẩn Khoa Học Vi Sinh giúp hỗ trợ làm sạch bã nhờn dư thừa và các tạp chất tích tụ trên bề mặt da, hỗ trợ xử lý các vấn đề da, đưa làn da trở về trạng thái cân bằng và khỏe mạnh tự nhiên.
Dành cho: da nhạy cảm, da mỏng, yếu, nổi mạch máu… với độ thải độc nhẹ.

Công Dụng
Hỗ trợ cải thiện mụn & ngăn ngừa các nguyên nhân gây mụn
Làm đều màu da, bề mặt da sáng khỏe
Cải thiện độ đàn hồi. Mang lại vẻ ngoài căng bóng và rạng rỡ
Sạch dầu nhờn & sợi bã nhờn dư thừa
Cho bề mặt da láng mịn
Se khít lỗ chân lông
Hỗ trợ chăm sóc làn da tiếp xúc thường xuyên với môi trường khói bụi","Water (Nước)
Lonicera Japonica Extract (Chiết xuất Hoa Kim Ngân)
Cynara Scolymus Leaf Extract (Chiết xuất Atiso)
Rosa Centifolia Extract (Chiết xuất Hoa Hồng)
Houttuynia Cordata Extract (Chiết xuất cây Diếp Cá)
Crinum Latifolium Extract (Chiết xuất Trinh Nữ Hoàng Cung)
Lactobacillus spp.
Bacillus spp.","Độ An Toàn Của Sản Phẩm Đáp Ứng Các Tiêu Chí KHÔNG:
Đã được kiểm nghiệm Chỉ tiêu kích ứng da
Không chứa chất hóa học Corticoid
Không chứa hương liệu và màu nhân tạo
Không chứa chất bảo quản gây hại
Không chứa cồn xấu
Không chứa Paraben và dầu khoáng","Sản phẩm được sử dụng theo 2 cách: 
Cách 1: Xịt Vi sinh ra lòng bàn tay, sau đó dùng tay còn lại để thoa lên da. Không thoa lên các vùng da mỏng như mí mắt, bọng mắt. Ngày thoa từ 1-2 lần. Nên thoa trước khi đi ngủ 

Cách 2: Xịt Vi sinh lên tăm bông và thoa đều lên da, những vùng mụn, thâm nám.

Vui lòng đọc kỹ Hướng Dẫn Sử Dụng trước khi sử dụng tại đây: Cẩm nang hướng dẫn sử dụng 
Khi mua sản phẩm bạn sẽ được đồng hành 1:1 với tư vấn viên, bạn cũng có thể liên hệ tư vấn viên để được giải đáp thắc mắc kịp thời. ",,,https://drive.google.com/drive/folders/1184wser2laZ_my8SS6XYU4mDa6VCJ6Q-?usp=sharing
Mỹ phẩm vi sinh Hoa Ngân ,,TINH CHẤT TÁI SINH VI SINH 2.7,BIO REGENERATING ESSENCE VI SINH 2.7,có,,Kiểm nghiệm không kích ứng / Da thường/ Mọi loại da/ Dùng được cho phụ nữ có thai & trẻ em,549000,,,,50ml,,"Giải pháp chuẩn Khoa Học Vi Sinh giúp hỗ trợ làm sạch bã nhờn dư thừa và các tạp chất tích tụ trên bề mặt da, hỗ trợ xử lý các vấn đề da, đưa làn da trở về trạng thái cân bằng và khỏe mạnh tự nhiên.
Dành cho: da dầu, da hỗn hợp, da thường, da khô với độ thải độc mạnh.

Công Dụng
Hỗ trợ cải thiện mụn & ngăn ngừa các nguyên nhân gây mụn
Làm đều màu da, bề mặt da sáng khỏe
Cải thiện độ đàn hồi. Mang lại vẻ ngoài căng bóng và rạng rỡ
Sạch dầu nhờn & sợi bã nhờn dư thừa
Cho bề mặt da láng mịn
Se khít lỗ chân lông
Hỗ trợ chăm sóc làn da tiếp xúc thường xuyên với môi trường khói bụi","Water (Nước)
Lonicera Japonica Extract (Chiết xuất Hoa Kim Ngân)
Cynara Scolymus Leaf Extract (Chiết xuất Atiso)
Rosa Centifolia Extract (Chiết xuất Hoa Hồng)
Houttuynia Cordata Extract (Chiết xuất cây Diếp Cá)
Crinum Latifolium Extract (Chiết xuất Trinh Nữ Hoàng Cung)
Lactobacillus spp.
Bacillus spp.","Độ An Toàn Của Sản Phẩm Đáp Ứng Các Tiêu Chí KHÔNG:
Đã được kiểm nghiệm Chỉ tiêu kích ứng da
Không chứa chất hóa học Corticoid
Không chứa hương liệu và màu nhân tạo
Không chứa chất bảo quản gây hại
Không chứa cồn xấu
Không chứa Paraben và dầu khoáng","Sản phẩm được sử dụng theo 2 cách: 
Cách 1: Xịt Vi sinh ra lòng bàn tay, sau đó dùng tay còn lại để thoa lên da. Không thoa lên các vùng da mỏng như mí mắt, bọng mắt. Ngày thoa từ 1-2 lần. Nên thoa trước khi đi ngủ 

Cách 2: Xịt Vi sinh lên tăm bông và thoa đều lên da, những vùng mụn, thâm nám.

Vui lòng đọc kỹ Hướng Dẫn Sử Dụng trước khi sử dụng tại đây: Cẩm nang hướng dẫn sử dụng 
Khi mua sản phẩm bạn sẽ được đồng hành 1:1 với tư vấn viên, bạn cũng có thể liên hệ tư vấn viên để được giải đáp thắc mắc kịp thời. ",,,https://drive.google.com/drive/folders/1KXBASsQj8AsESPviAdfzp16xbM6jm_Un?usp=sharing
Mỹ phẩm vi sinh Hoa Ngân ,,SỮA RỬA MẶT NƯỚC BĂNG,GLACIER FOAM CLEANSER,có,,Dành cho mọi loại da / Dịu nhẹ / Dùng được cho phụ nữ có thai & trẻ em,449000,,,,100g,,"Chứa Nước Băng Alaska tinh khiết giúp làm sạch sâu, dưỡng trắng, căng bóng, mềm mịn, se lỗ chân lông, khắc phục tình trạng da khô sạm.

Công Dụng
Nhẹ nhàng rửa sạch lớp tế bào chết, bã nhờn và bụi bẩn trên bề mặt da
Cung cấp độ ẩm và dưỡng chất khắc phục tình trạng da khô sạm
Se chân lông
Hỗ trợ làm trắng sáng da, giúp da mịn màng căng bóng ngay sau khi rửa mặt
Hỗ trợ làm dịu và ngăn ngừa mụn
Giúp ngăn ngừa, làm mờ thâm, nám, tàn nhang
Cải thiện các dấu hiệu lão hóa và độ đàn hồi của da","Water (Nước băng Alaska Glacier), Sodium Methyl Oleoyl Taurate, Lauryl Glucoside, Glycerin, Butylene Glycol, Cocamidopropyl Betaine, Sodium Lauroyl Methyl Isethionate, Betaine, Niacinamide, 1,2-Hexanediol, Sodium PCA, Coco-Glucoside, Panthenol, Allantoin, Citric Acid, Hydroxyacetophenone, Disodium EDTA, Hyaluronic Acid, Rose Flower Oil (Tinh dầu Hoa Hồng), Resveratrol.","Độ An Toàn Của Sản Phẩm Đáp Ứng Các Tiêu Chí KHÔNG
Không chứa sulfate (SLS/SLES)
Không hương liệu & màu nhân tạo
Không chất bảo quản
Không cồn xấu
Không Paraben & dầu khoáng","Hướng Dẫn Sử Dụng
Bước 1: Làm ướt da mặt. Sau đó, ấn vòi xịt 2 – 3 lần ra lòng bàn tay một lượng bọt vừa đủ massage khắp da mặt. Sữa Rửa Mặt Nước Băng Glacier Foam Cleanser là loại sữa rửa mặt tạo bọt nên bạn không cần phải tạo bọt thủ công.

Bước 2: Massage kỹ khoảng 90 giây để Sữa Rửa Mặt Nước Băng Glacier Foam Cleanser có thể giúp lấy hết bụi bẩn cũng như cặn bã nhờn nằm sâu dưới da. Đồng thời, quá trình này giúp cho các mạch máu dưới da được lưu thông tốt hơn.

Đối với Sữa Rửa Mặt Nước Băng Glacier Foam Cleanser, bạn cứ thoải mái massage và rửa sạch vùng da quanh mắt mà không gây kích ứng hay cay mắt. Điều này cũng cho thấy độ lành tính của sản phẩm rất cao. Vùng mắt là nơi thường phải make up, kẻ mắt, mascara, đánh phấn nhiều nếu không rửa sạch sẽ rất dễ khiến da nhanh lão hóa và mau có nếp nhăn, quầng thâm.

Bước 3: Rửa lại bằng nước. Quá trình rửa mặt càng kỹ thì các bước dưỡng da sau càng có hiệu quả.

Lưu ý:
– Không nên dùng khăn mặt hoặc khăn giấy để lau khô. Như vậy, sẽ khiến các bụi khăn dính lên da sẽ dễ gây mụn và các vấn đề khác cho da. 
– Chỉ nên dùng bông tẩy trang để lau hoặc để da tự khô tự nhiên.

Vui lòng đọc kỹ Hướng Dẫn Sử Dụng trước khi sử dụng tại đây: Cẩm nang hướng dẫn sử dụng 
Khi mua sản phẩm bạn sẽ được đồng hành 1:1 với tư vấn viên, bạn cũng có thể liên hệ tư vấn viên để được giải đáp thắc mắc kịp thời. ",,,https://drive.google.com/drive/folders/14SacnPyduODWTZLx46EhYtL6wMXi1EQD?usp=drive_link
Mỹ phẩm vi sinh Hoa Ngân ,,KEM CHỐNG NẮNG PHỔ RỘNG ,SMART SUNCARE SPF 123 & UVA-PF 79,có,,Dành cho mọi loại da/ Mỏng nhẹ/ Chống nắng phổ rộng ,799000,,,,30g,,"Với chỉ số SPF 123 & UVA-PF 79 vượt trội, Công thức đột phá cùng Màng lọc thông minh thế hệ mới ngăn bụi mịn, bảo vệ toàn diện trước tia UVA, UVB, ánh sáng xanh và ô nhiễm môi trường đô thị.

Bước Đột Phá Trong Công Nghệ Chống Nắng Cao Cấp:
Nước Băng Alaska tinh khiết
Màng lọc chống nắng thế hệ mới, thông minh không cần tẩy trang.
Kết cấu mỏng nhẹ, không nhờn rít.
Chỉ số chống nắng được kiểm nghiệm cao vượt trội lên đến SPF 123, UVA-PF 79.
Chỉ 1 lần thoa, bảo vệ da toàn diện lên đến 12 tiếng, không cần thoa lại nhiều lần.
Thích hợp với mọi loại da kể cả da nhạy cảm và da thường xuyên kích ứng với các sản phẩm kem chống nắng khác.


Công Dụng/Hiệu Quả
Chống nắng phổ rộng trước nhiều loại tia gây hại cho da: UVA, UVB, ánh sáng xanh,…
Bảo vệ da trước ô nhiễm, bụi mịn, bụi kim loại, do đó chỉ cần loại bỏ sạch bằng Sữa Rửa Mặt Nước Băng Glacier Foam Cleanser, không cần tẩy trang.
Làm mờ và ngăn ngừa sạm, nám, tàn nhang
Cải thiện các dấu hiệu lão hóa
Làm sáng và trắng da","Water, Zinc Oxide, Ethylhexyl Methoxycinnamate (5%), Propanediol, Niacinamide, C13-15 Alkane, Glycerin, Cetearyl Alcohol & Cetearyl Glucoside, Diethylamino Hydroxybenzoyl Hexyl Benzoate, Betaine, Bisabolol, Arbutin, 1,2 Hexanediol, Panthenol, Hydroxyethyl Acrylate/Sodium Acryloyldimethyl Taurate Copolymer, Allantoin, Xanthan Gum, Triethoxycaprylylsilane, Polyhydroxystearic Acid, Adenosine, Rosa Centifolia Flower Extract, Copper Tripeptide-1, Palmitoyl Pentapeptide-4, Palmitoyl Tripeptide-5, Palmitoyl oligopeptide, Acetyl tetrapeptide-5, Hexapeptide-3.","Độ An Toàn Đạt Tiêu Chuẩn EWG Và FDA Của Mỹ:
Không gây đỏ rát & kích ứng da
Không Paraben & dầu khoáng
Không hương liệu
Không chất bảo quản
Không cồn xấu","Hướng Dẫn Sử Dụng
Lấy một lượng vừa đủ, thoa đều và dùng tay vỗ nhẹ lên da mặt hoặc vùng da cần chống nắng.
Thoa sau khi sử dụng Xịt Dưỡng Miracle Essence để đạt hiệu quả tối ưu nhất.
Lưu Ý:
Thoa Kem Chống Nắng Smart Suncare trước khi ra ngoài từ 30 phút
Có thể sử dụng như lớp lót trang điểm",,,https://drive.google.com/drive/folders/1WkKYQLgF7wAlmxkTzhZ80ePbMZaoquO3?usp=drive_link
Khuyến mãi +Mỹ phẩm vi sinh Hoa Ngân ,,"COMBO 1:
TRẮNG SÁNG, CĂNG BÓNG, CẢI THIỆN CÁC DẤU HIỆU LÃO HÓA",,có,Deal tháng/ Bán chạy nhất ,,2246000,1747000,"22,22%",,,"– Miễn phí vận chuyển toàn quốc 
– Tặng mặt nạ ủ  
– Tư vấn 1-1 trọn đời tới khi da đẹp

Tặng thêm: 
- Bông tẩy trang Muji với đơn hàng từ 2 triệu

Nhận quà ngay khi đăng ký thành viên ","MUA       
– 1 Xịt Dưỡng Chuyên Sâu Miracle Essence (50ml)
– 1 Sữa Rửa Mặt Nước Băng Glacier Foam Cleanser (100g)
– 1 Kem Chống Nắng Smart Suncare (30g)
TẶNG        1 Xịt Dưỡng Chuyên Sâu Miracle Essence (50ml)

XỊT DƯỠNG CHUYÊN SÂU MIRACLE ESSENCE
Cấp ẩm chuyên sâu, cân bằng và duy trì độ ẩm cho da
Cải thiện dấu hiệu lão hóa
Cải thiện độ đàn hồi 
Mang lại vẻ ngoài căng bóng, rạng rỡ 
Sạch nhờn & se chân lông
Làm mát da
Hỗ trợ chăm sóc làn da tiếp xúc thường xuyên với nắng, môi trường ô nhiễm và khói bụi
SỮA RỬA MẶT NƯỚC BĂNG GLACIER FOAM CLEANSER
Nhẹ nhàng rửa sạch lớp tế bào chết, bã nhờn và bụi bẩn trên bề mặt da
Cung cấp độ ẩm và dưỡng chất khắc phục tình trạng da khô sạm
Se chân lông
Hỗ trợ làm trắng sáng da, giúp da mịn màng căng bóng ngay sau khi rửa mặt
Hỗ trợ làm dịu và ngăn ngừa mụn
Giúp ngăn ngừa, làm mờ thâm, nám, tàn nhang
Cải thiện các dấu hiệu lão hóa và độ đàn hồi da
KEM CHỐNG NẮNG PHỔ RỘNG SMART SUNCARE:
Chỉ số chống nắng SPF123 UVA-PF 79 cao hơn các sản phẩm trên thị trường
Bảo vệ da bền vững suốt 12H khỏi tia UVA, UVB, tia hồng ngoại IR và ánh sáng xanh
Kết cấu mỏng nhẹ, thấm nhanh, không bết rít
Kem chống nắng nền dưỡng, vừa chống nắng vừa dưỡng trắng
Màng lọc thông minh thế hệ mới không cần tẩy trang.
",,,"Vui lòng đọc kỹ Hướng Dẫn Sử Dụng trước khi sử dụng tại đây: Cẩm nang hướng dẫn sử dụng 
Khi mua sản phẩm bạn sẽ được đồng hành 1:1 với tư vấn viên, bạn cũng có thể liên hệ tư vấn viên để được giải đáp thắc mắc kịp thời. ",,,https://drive.google.com/drive/folders/1TzFPgHJ9SK4pvTBqE9-qVatLiQKFZFtP?usp=drive_link
Khuyến mãi +Mỹ phẩm vi sinh Hoa Ngân ,,"COMBO 2:
CẢI THIỆN CÁC VẤN ĐỀ DA",,có,Deal tháng/ Bán chạy nhất ,,2795000,2296000,"17,85%",,,"– Miễn phí vận chuyển toàn quốc 
– Tặng mặt nạ ủ  
– Tư vấn 1-1 trọn đời tới khi da đẹp

Tặng thêm: 
- Bông tẩy trang Muji với đơn hàng từ 2 triệu

Nhận quà ngay khi đăng ký thành viên ","MUA        
– 1 Sữa Rửa Mặt Nước Băng Glacier Foam Cleanser (100g)
– 1 Tinh Chất Vi Sinh 2.0/2.7 (50ml)
– 1 Xịt Dưỡng Chuyên Sâu Miracle Essence (50ml)
– 1 Kem Chống Nắng Smart Suncare (30g)
TẶNG        1 Xịt Dưỡng Chuyên Sâu Miracle Essence (50ml)

COMBO TÁI SINH TOÀN DIỆN
Hỗ trợ chăm sóc và cải thiện các vấn đề da
Combo Tái Sinh Toàn Diện là bộ sản phẩm chăm sóc da được xây dựng dành riêng cho làn da đang gặp nhiều vấn đề như: khô căng, xỉn màu, lỗ chân lông to, da dễ nổi mụn hoặc thường xuyên bị kích ứng do môi trường, mỹ phẩm,…

Lưu ý: Hiệu quả sử dụng có thể khác nhau tùy theo lượng bã nhờn dư thừa, các tạp chất trên da và cách sử dụng. Nên sử dụng đều đặn và theo hướng dẫn của Nhà máy Sản xuất để đạt kết quả tối ưu.

KEM CHỐNG NẮNG PHỔ RỘNG SMART SUNCARE:
🔹Chỉ số chống nắng SPF123 UVA-PF 79 cao hơn các sản phẩm trên thị trường
🔹Bảo vệ da bền vững suốt 12H khỏi tia UVA, UVB, tia hồng ngoại IR và ánh sáng xanh
🔹Kết cấu mỏng nhẹ, thấm nhanh, không bết rít
🔹Kem chống nắng nền dưỡng, vừa chống nắng vừa dưỡng trắng
🔹Màng lọc thông minh thế hệ mới không cần tẩy trang.",,,"Vui lòng đọc kỹ Hướng Dẫn Sử Dụng trước khi sử dụng tại đây: Cẩm nang hướng dẫn sử dụng 
Khi mua sản phẩm bạn sẽ được đồng hành 1:1 với tư vấn viên, bạn cũng có thể liên hệ tư vấn viên để được giải đáp thắc mắc kịp thời. ",,,https://drive.google.com/drive/folders/1vp8_jmDAZjJ--L2aGTagmVK810VgIQtZ?usp=drive_link
Khuyến mãi +Mỹ phẩm vi sinh Hoa Ngân ,,"COMBO 3:
CHĂM SÓC DA TOÀN DIỆN",,có,Deal tháng/ Deal tốt nhất,,1497000,998000,"33,33%",,,"– Miễn phí vận chuyển toàn quốc 
– Tặng mặt nạ ủ  
– Tư vấn 1-1 trọn đời tới khi da đẹp

Tặng thêm: 
- Bông tẩy trang Muji với đơn hàng từ 2 triệu

Nhận quà ngay khi đăng ký thành viên ","MUA          2 Xịt Dưỡng Chuyên Sâu (50ml)
TẶNG        1 Xịt Dưỡng Chuyên Sâu (50ml)

Combo ưu đãi từ Nhà máy Sản xuất Mỹ Phẩm Vi Sinh Hoa Ngân với Xịt Dưỡng Chuyên Sâu Miracle Essence với đa dạng công dụng chăm sóc da chuẩn Khoa Học Vi Sinh.
",,,"Vui lòng đọc kỹ Hướng Dẫn Sử Dụng trước khi sử dụng tại đây: Cẩm nang hướng dẫn sử dụng 
Khi mua sản phẩm bạn sẽ được đồng hành 1:1 với tư vấn viên, bạn cũng có thể liên hệ tư vấn viên để được giải đáp thắc mắc kịp thời. ",,,https://drive.google.com/drive/folders/1G8g_zNoBffinPJWriB6Kn7VLoZnJA4o7?usp=drive_link
Khuyến mãi +Mỹ phẩm vi sinh Hoa Ngân ,,"COMBO 4:
GIẢI PHÁP CHĂM SÓC DA ĐƠN GIẢN & TINH GỌN",,có,Deal tháng/ Được yêu thích nhất ,,2046000,1547000,"24,39%",,,"– Miễn phí vận chuyển toàn quốc 
– Tặng mặt nạ ủ  
– Tư vấn 1-1 trọn đời tới khi da đẹp

Tặng thêm: 
- Bông tẩy trang Muji với đơn hàng từ 2 triệu

Nhận quà ngay khi đăng ký thành viên ","MUA        
– 1 Sữa Rửa Mặt Nước Băng Glacier Foam Cleanser (100g)
– 2 Tinh Chất Vi Sinh 2.0/2.7 (50ml)
TẶNG        1 Xịt Dưỡng Chuyên Sâu Miracle Essence (50ml)

COMBO TÁI SINH TOÀN DIỆN
Hỗ trợ chăm sóc và cải thiện các vấn đề da
Combo Tái Sinh Toàn Diện là bộ sản phẩm chăm sóc da được xây dựng dành riêng cho làn da đang gặp nhiều vấn đề: khô căng, xỉn màu, lỗ chân lông to, da dễ nổi mụn hoặc thường xuyên bị kích ứng do môi trường, mỹ phẩm,…",,,"Vui lòng đọc kỹ Hướng Dẫn Sử Dụng trước khi sử dụng tại đây: Cẩm nang hướng dẫn sử dụng 
Khi mua sản phẩm bạn sẽ được đồng hành 1:1 với tư vấn viên, bạn cũng có thể liên hệ tư vấn viên để được giải đáp thắc mắc kịp thời. ",,,https://drive.google.com/drive/folders/1myUjOAUuoAKdHmlaF8wgRqNAoZwBGyqw?usp=drive_link
Dụng cụ làm đẹp,,Lăn kim ,,,,,150000,,,,,,"Lăn kim (Dermaroller) – Kích hoạt tái tạo, phục hồi làn da từ gốc

Lăn kim là công cụ chăm sóc da chuyên sâu, hoạt động dựa trên cơ chế tạo ra các vi tổn thương siêu nhỏ trên bề mặt da, từ đó kích thích quá trình tự làm lành và tái tạo tự nhiên của da. Nhờ vậy, làn da được “đánh thức” để sản sinh collagen và elastin – nền tảng cho một làn da khỏe, mịn và săn chắc.

Công dụng nổi bật:
- Kích thích tăng sinh collagen: Giúp da săn chắc, cải thiện nếp nhăn
- Làm mờ sẹo rỗ, thâm mụn: Hỗ trợ tái tạo bề mặt da đều màu hơn
- Se khít lỗ chân lông: Cải thiện kết cấu da rõ rệt
- Tăng hấp thụ dưỡng chất: Giúp serum thẩm thấu sâu và hiệu quả hơn
- Hỗ trợ trẻ hóa da: Làm da sáng khỏe và tươi mới hơn
 
Điểm khác biệt:
Không giống các phương pháp chăm sóc bề mặt, lăn kim tác động vào cơ chế tự phục hồi của da, giúp da khỏe lên từ bên trong thay vì phụ thuộc vào sản phẩm bên ngoài.

Phù hợp với:
- Da có sẹo rỗ, thâm mụn lâu năm
- Da lão hóa, kém săn chắc
- Da dày sừng, lỗ chân lông to
- Người muốn phục hồi và tái tạo da chuyên sâu

⚠️ Lưu ý quan trọng
Đây là phương pháp cần kỹ thuật và vệ sinh nghiêm ngặt
Không sử dụng trên da đang viêm, mụn nặng hoặc nhạy cảm",N/A,N/A,"Khi mua sản phẩm bạn sẽ được đồng hành 1:1 với tư vấn viên, bạn cũng có thể liên hệ tư vấn viên để được giải đáp thắc mắc kịp thời.",,,https://drive.google.com/drive/folders/1ImbgjjgHhSEcLTq3PdAcuXJ9FfHAvBv7?usp=drive_link
Dụng cụ làm đẹp,,Chải khô mặt ,,có,,,235000,,,,,,"Chất liệu 
Cán: Gỗ
Sợ lông: Sợi tự nhiên từ cây gai dầu 

Kích thước: 6x7cm

Chải khô da mặt – Làm sạch sâu, đánh thức làn da khỏe tự nhiên
Chải khô da mặt là công cụ chăm sóc da theo phương pháp tự nhiên, giúp loại bỏ tế bào chết nhẹ nhàng và kích thích tuần hoàn mà không cần đến hóa chất hay tẩy rửa mạnh. Với thiết kế lông chải mềm mại, chuyên biệt cho da mặt, sản phẩm mang lại trải nghiệm thư giãn và an toàn khi sử dụng.
Công dụng nổi bật:


- Loại bỏ tế bào chết nhẹ nhàng: Giúp bề mặt da thông thoáng, mịn màng hơn
- Kích thích tuần hoàn máu: Hỗ trợ da hồng hào, tươi tắn tự nhiên
- Massage hệ bạch huyết 
- Tăng khả năng hấp thụ dưỡng chất: Giúp serum, kem dưỡng thẩm thấu hiệu quả hơn
- Hỗ trợ làm sạch lỗ chân lông: Giảm tích tụ bụi bẩn và bã nhờn


Điểm khác biệt:
Không giống các sản phẩm tẩy da chết thông thường, chải khô hoạt động theo cơ chế cơ học nhẹ nhàng, tôn trọng cấu trúc tự nhiên của da, hạn chế bào mòn và kích ứng.

Phù hợp với:
- Da xỉn màu, sần sùi, thiếu sức sống
- Người muốn chăm sóc da theo hướng tự nhiên, tối giản
- Những ai đang tìm kiếm giải pháp hỗ trợ phục hồi da bền vững


✨ Chỉ vài phút mỗi ngày, bạn không chỉ làm sạch làn da — mà còn đang “đánh thức” sức sống tự nhiên vốn có của da.",N/A,N/A,"Bước 1: Chuẩn bị
Rửa mặt sạch và đảm bảo da khô hoàn toàn
Làm sạch tay và dụng cụ trước khi dùng

Bước 2: Thực hiện chải khô

Chải theo nguyên tắc: nhẹ – hướng lên trên – từ trong ra ngoài

Vùng cổ:
Chải nhẹ từ dưới lên trên để kích thích lưu thông
Đường viền hàm:
Chải từ cằm hướng lên tai giúp làm gọn và nâng cơ
Má:
Chải từ cánh mũi ra hai bên thái dương
Vùng mắt:
Cực kỳ nhẹ nhàng, hoặc có thể bỏ qua nếu da nhạy cảm
Trán:
Chải từ giữa trán ra hai bên

⏱ Thời gian: 2–5 phút, 2–3 lần/tuần

Bước 3: Làm dịu và dưỡng da
Rửa mặt nhẹ nhàng sau khi chải
Thoa toner/serum/dưỡng ẩm để làm dịu và phục hồi da
Lưu ý quan trọng
Không chải trên da đang có mụn viêm, trầy xước hoặc kích ứng
Không dùng lực mạnh (da mặt rất dễ tổn thương)
Luôn giữ dụng cụ sạch sẽ, khô ráo
Nếu da nhạy cảm, nên thử ở vùng nhỏ trước

✨ Chải khô không chỉ là làm sạch lớp tế bào chết, mà còn là một nghi thức đánh thức làn da — giúp da thông thoáng, tươi sáng và sẵn sàng hấp thụ dưỡng chất tốt hơn mỗi ngày.",,,https://drive.google.com/drive/folders/1yuoZ72FG3TpSryiHfUWLmOtM6nb6FopW?usp=drive_link
Dụng cụ làm đẹp,,Combo Chải khô mặt + Chải khô body ,,,,,490000,,,,,,,,,,,,
Dụng cụ làm đẹp,,Guasha ,,có,,,595000,,,,,,"Chất liệu: Đá 
Kích thước: 7.5 x 7.5 cm

Gua sha đá là công cụ massage truyền thống giúp chăm sóc da theo phương pháp tự nhiên, không xâm lấn. Được chế tác từ đá tự nhiên nguyên khối, sản phẩm mang lại cảm giác mát lạnh, dễ chịu khi tiếp xúc với da, hỗ trợ thư giãn và phục hồi làn da sau một ngày dài.

Công dụng nổi bật:

Nâng cơ – săn chắc da: Massage đều đặn giúp cải thiện độ đàn hồi, hỗ trợ làm gọn đường nét khuôn mặt
Giảm bọng mắt, sưng phù: Kích thích lưu thông máu và bạch huyết, giúp da tươi tắn hơn
Tăng hấp thụ dưỡng chất: Khi kết hợp cùng serum hoặc dầu dưỡng, giúp dưỡng chất thẩm thấu tốt hơn
Thư giãn & giải tỏa căng thẳng: Giảm áp lực vùng cơ mặt, mang lại cảm giác nhẹ nhàng, dễ chịu

Điểm khác biệt:
Không giống các phương pháp chăm sóc tức thời, Gua sha mang đến hiệu quả tích lũy và bền vững – khi bạn kiên trì lắng nghe và chăm sóc làn da mỗi ngày.

Phù hợp với:
Mọi loại da, đặc biệt là da mệt mỏi, kém săn chắc, dễ tích tụ độc tố hoặc người muốn chăm sóc da theo hướng tự nhiên – lành tính.

✨ Một vài phút mỗi ngày, không chỉ là chăm da — mà còn là khoảng thời gian bạn kết nối và chữa lành chính mình.",N/A,Giấy kiểm nghiệm ,"Bước 1: Làm sạch & chuẩn bị da
Làm sạch da mặt
Thoa một lớp serum/dầu dưỡng để tạo độ trượt (tránh kéo căng da)
Bước 2: Thực hiện massage với đá Gua Sha

Giữ đá nghiêng khoảng 15–30 độ, massage nhẹ nhàng theo hướng từ trong ra ngoài – từ dưới lên trên

Vùng cổ:
Vuốt từ dưới lên trên để kích thích lưu thông và nâng cơ
Đường viền hàm:
Vuốt từ cằm hướng lên tai giúp làm gọn khuôn mặt
Má:
Vuốt từ cánh mũi ra thái dương để nâng cơ và giảm tích tụ bạch huyết
Vùng mắt:
Dùng cạnh mỏng, vuốt nhẹ từ đầu mắt ra đuôi mắt để giảm bọng và quầng thâm
Trán:
Vuốt từ giữa trán ra hai bên thái dương giúp thư giãn cơ và giảm nếp nhăn
Bước 3: Lặp lại & thư giãn
Mỗi động tác lặp lại 5–10 lần
Tổng thời gian: 5–10 phút mỗi ngày
Lưu ý quan trọng
Không dùng lực mạnh, tránh gây đỏ rát
Luôn massage theo một chiều (không kéo qua kéo lại)
Vệ sinh đá sau mỗi lần sử dụng
Có thể để đá trong tủ lạnh để tăng hiệu quả giảm sưng",,,https://drive.google.com/drive/folders/1Yh5hE2HXDdl2ejqI34NekF5nCuTA2Bpu?usp=drive_link
Dụng cụ làm đẹp,,Chải khô cơ thể ,,,,,275000,,,,,,"Chải khô BODY – Làm sạch, detox da và đánh thức năng lượng cơ thể

Chất liệu 
Cán: Gỗ
Sợ lông: Sợi tự nhiên từ cây gai dầu 

Kích thước: 10x10cm

Chải khô body là công cụ chăm sóc da toàn thân theo phương pháp tự nhiên, giúp loại bỏ tế bào chết, kích thích tuần hoàn và hỗ trợ hệ bạch huyết hoạt động hiệu quả hơn. Với thiết kế lông chải chắc vừa phải, sản phẩm mang lại cảm giác sảng khoái, giúp làn da và cơ thể “thức tỉnh” mỗi ngày.

Công dụng nổi bật:

- Loại bỏ tế bào chết toàn thân: Giúp da mịn màng, sáng khỏe hơn
- Kích thích tuần hoàn máu & bạch huyết: Hỗ trợ đào thải độc tố, giảm tích tụ dưới da
- Giảm sần vỏ cam (cellulite): Cải thiện bề mặt da khi sử dụng đều đặn
- Tăng hấp thụ dưỡng thể: Giúp lotion, dầu dưỡng thẩm thấu tốt hơn
- Tạo cảm giác thư giãn & tràn đầy năng lượng: Đặc biệt phù hợp dùng vào buổi sáng


Điểm khác biệt:
Chải khô không chỉ là bước làm đẹp, mà còn là một nghi thức chăm sóc cơ thể toàn diện — kết hợp giữa làm sạch, lưu thông và kích hoạt năng lượng tự nhiên của cơ thể.

Phù hợp với:

- Da cơ thể sần sùi, khô ráp
- Người ít vận động, tuần hoàn kém
- Người theo đuổi lối sống detox – chăm sóc cơ thể tự nhiên


✨ Chỉ vài phút mỗi ngày trước khi tắm, bạn không chỉ làm sạch làn da — mà còn đánh thức sự nhẹ nhàng, khỏe khoắn từ bên trong cơ thể.",N/A,N/A,"Hướng dẫn sử dụng Chải khô BODY đúng cách

Chải khô body là một bước chăm sóc cơ thể đơn giản nhưng mang lại hiệu quả rõ rệt khi thực hiện đúng kỹ thuật và đều đặn.

Bước 1: Chuẩn bị
Đảm bảo cơ thể khô hoàn toàn (trước khi tắm), có thể bôi dầu dưỡng cơ thể. 
Sử dụng bàn chải khô dành riêng cho body
Đứng ở nơi thoải mái, dễ thao tác

Bước 2: Thực hiện chải khô
Nguyên tắc: chải hướng về tim – lực vừa phải – chuyển động đều

Bàn chân → bắp chân → đùi:
Chải từ dưới lên trên theo chiều lưu thông máu
Tay:
Chải từ bàn tay hướng lên vai
Vùng bụng:
Chải theo chuyển động tròn, chiều kim đồng hồ
Lưng:
Chải từ dưới lên hoặc từ hai bên hướng vào trung tâm
Vùng nhạy cảm (ngực, cổ):
Chải rất nhẹ hoặc tránh nếu da mỏng

⏱ Thời gian: 5–10 phút/lần, 1 lần/ngày (tốt nhất vào buổi sáng)

Bước 3: Làm sạch & dưỡng da
- Tắm lại với nước để loại bỏ tế bào chết
- Thoa kem dưỡng hoặc dầu dưỡng để cấp ẩm và nuôi dưỡng da

Lưu ý quan trọng
- Không chải lên vùng da trầy xước, viêm, hoặc đang kích ứng
- Không dùng lực quá mạnh để tránh làm tổn thương da
- Vệ sinh và phơi khô bàn chải sau mỗi lần sử dụng
- Người mới bắt đầu nên chải nhẹ để da thích nghi dần

✨ Chải khô body không chỉ là làm sạch — mà là một nghi thức chăm sóc cơ thể mỗi ngày, giúp bạn cảm nhận rõ sự lưu thông, nhẹ nhàng và tươi mới từ làn da đến toàn bộ cơ thể.",,,https://drive.google.com/drive/folders/1Qldq8wau5wYA0xndhgkOziQ-8kdQwRuM?usp=drive_link
Dụng cụ làm đẹp,,Mặt nạ ủ nilon ,,,,,10000,,,,,,"Mặt nạ ủ nilon – Khóa ẩm tối đa, tăng hiệu quả dưỡng da

Mặt nạ ủ nilon là giải pháp hỗ trợ chăm sóc da chuyên sâu, hoạt động theo cơ chế occlusion (tạo lớp màng khóa ẩm) giúp giữ lại toàn bộ dưỡng chất trên da, từ đó tăng khả năng thẩm thấu và phát huy hiệu quả tối đa của sản phẩm chăm sóc.Sản phẩm này được dùng kèm với Xịt dưỡng chuyên sâu 

Số lượng: 100 miếng/ túi ",N/A,N/A,,,,https://drive.google.com/drive/folders/1MXva80X3sFcbLPc_QqaY-ILKNKoCFMo7?usp=drive_link
Dụng cụ làm đẹp,,Bông tẩy trang Muji ,,,,,70000,,,,,,"Bông tẩy trang Muji được làm từ 100% cotton tự nhiên, không qua xử lý tẩy trắng hóa học, giữ nguyên màu sắc nguyên bản của sợi bông. Nhờ đó, sản phẩm cực kỳ lành tính, phù hợp ngay cả với làn da nhạy cảm nhất.

💧 Công dụng nổi bật
- Làm sạch dịu nhẹ: Loại bỏ lớp trang điểm, bụi bẩn mà không gây tổn thương da
- Không xơ bông: Sợi bông dai, mịn, không để lại vụn trên da khi sử dụng
- Tiết kiệm dưỡng chất: Thấm hút vừa đủ, không “ăn” quá nhiều toner/serum
- Đa năng: Có thể tách lớp để làm lotion mask, tối ưu hiệu quả dưỡng da",N/A,N/A,,,,https://drive.google.com/drive/folders/1sGAhyrLGTwgZFKeeujcozu8tkyKrW00S?usp=drive_link
Sản phẩm dưỡng sinh ,Chăm sóc da,Toner Hoa hồng ,,có,Được yêu thích ,Mọi loại da/ Dùng được cho phụ nữ có thai & trẻ em/ Không hóa chất độc hại/ Không chất tẩy rửa/ Không hương liệu/ Không chất bảo quản,168000,,,,100ml,,"Xịt khoáng thảo dược không chỉ đơn thuần là “cấp nước”, mà là một bước nuôi dưỡng – làm dịu – cân bằng độ ẩm cho da mỗi ngày. Khi được trồng theo phương pháp hữu cơ, các hoạt chất thực vật giữ được độ tinh khiết cao, giúp làn da hấp thụ trọn vẹn giá trị tự nhiên.

Toner Hoa hồng ược chưng cất từ cánh hoa hồng hữu cơ, giàu vitamin và chất chống oxy hóa, giúp làn da luôn mềm mại và tươi tắn.

Công dụng nổi bật:

- Cấp ẩm nhanh, làm dịu da tức thì
- Cân bằng pH tự nhiên của da
- Hỗ trợ se khít lỗ chân lông, làm sáng da
- Mang lại cảm giác thư giãn với hương hoa nhẹ nhàng

👉 Nước hoa hồng tự nhiên thường giúp làm dịu, cân bằng và phục hồi độ ẩm cho da một cách nhẹ nhàng",Nước cất từ cánh hoa hồng hữu cơ ,,"Cách sử dụng
- Xịt cách mặt 20–30cm, nhắm mắt và xịt đều 2–3 lần
- Vỗ nhẹ để dưỡng chất thẩm thấu
- Có thể dùng sau bước rửa mặt, trước serum hoặc trong ngày

Sử dụng khi nào
- Khi da khô, mất nước, ngồi điều hòa nhiều
- Sau khi rửa mặt để cân bằng pH
- Trước makeup để tạo độ ẩm nền, sau makeup để “set” lớp nền

Phù hợp với ai
- Da thường, da khô, da thiếu sức sống
- Người muốn dưỡng ẩm nhẹ nhàng mỗi ngày
- Người làm việc văn phòng, da dễ mất nước",,,https://drive.google.com/drive/folders/1sbTyKOb7aokx0t7QSI497qssjKK1k7dJ?usp=drive_link
Sản phẩm dưỡng sinh ,Chăm sóc da,Toner Tía tô ,,,Được yêu thích ,Mọi loại da/ Dùng được cho phụ nữ có thai & trẻ em/ Không hóa chất độc hại/ Không chất tẩy rửa/ Không hương liệu/ Không chất bảo quản,138000,,,,100ml,,"Xịt khoáng thảo dược không chỉ đơn thuần là “cấp nước”, mà là một bước nuôi dưỡng – làm dịu – cân bằng độ ẩm cho da mỗi ngày. Khi được trồng theo phương pháp hữu cơ, các hoạt chất thực vật giữ được độ tinh khiết cao, giúp làn da hấp thụ trọn vẹn giá trị tự nhiên.

Chiết xuất từ lá tía tô hữu cơ – một loại thảo dược quen thuộc trong y học phương Đông, giàu chất chống oxy hóa và kháng viêm tự nhiên.

Công dụng nổi bật:

- Hỗ trợ kháng viêm, giảm mụn
- Thanh lọc da, kiểm soát dầu nhờn
- Làm sáng da và cải thiện sắc tố
- Giúp da khỏe và ổn định hơn",Nước cất từ cánh hoa hồng tía tô,,"Cách sử dụng
- Xịt 2–3 lần lên toàn mặt hoặc vùng da mụn
- Có thể dùng nhiều lần trong ngày để kiểm soát dầu
- Dùng trước serum để tăng khả năng thẩm thấu

Sử dụng khi nào
- Khi da đổ dầu, bí tắc lỗ chân lông
- Khi da đang có mụn viêm nhẹ, mụn ẩn
- Khi cần “refresh” da giữa ngày mà không làm bí da

Phù hợp với ai
- Da dầu, da hỗn hợp thiên dầu
- Da mụn, da dễ viêm
- Người sống trong môi trường ô nhiễm, dễ bít tắc lỗ chân lông",,,https://drive.google.com/drive/folders/1fpD_hWm29-w9yV6P_9Nm7WkTLNfBTkFy?usp=drive_link
Sản phẩm dưỡng sinh ,Chăm sóc da,Toner Hoa cúc ,,,Được yêu thích ,Mọi loại da/ Dùng được cho phụ nữ có thai & trẻ em/ Không hóa chất độc hại/ Không chất tẩy rửa/ Không hương liệu/ Không chất bảo quản,168000,,,,100ml,,"Xịt khoáng thảo dược không chỉ đơn thuần là “cấp nước”, mà là một bước nuôi dưỡng – làm dịu – cân bằng độ ẩm cho da mỗi ngày. Khi được trồng theo phương pháp hữu cơ, các hoạt chất thực vật giữ được độ tinh khiết cao, giúp làn da hấp thụ trọn vẹn giá trị tự nhiên.

Toner Hoa cúc được Chiết xuất từ giống hoa cúc cổ canh tác hữu cơ, nổi bật với khả năng làm dịu và kháng viêm mạnh mẽ.

Công dụng nổi bật:
- Làm dịu da kích ứng, giảm đỏ nhanh
- Hỗ trợ phục hồi da nhạy cảm, da sau treatment
- Cấp ẩm nhẹ, giúp da mềm mại hơn
- Tăng cường hàng rào bảo vệ da

👉 Xịt khoáng hoa cúc được biết đến với khả năng làm dịu, dưỡng ẩm và cân bằng da nhạy cảm",Nước cất từ cánh hoa hồng hoa cúc,,"Cách sử dụng
- Xịt trực tiếp lên vùng da cần làm dịu hoặc toàn mặt
- Có thể xịt nhiều lớp (layer) khi da đang nhạy cảm
- Kết hợp với bông tẩy trang để làm lotion mask 3–5 phút

Sử dụng khi nào
- Khi da bị kích ứng, đỏ, ngứa hoặc sau nắng
- Sau các liệu trình treatment (peel, lăn kim nhẹ…)
- Khi da “biểu tình”, cần làm dịu ngay

Phù hợp với ai
- Da nhạy cảm, da yếu, da dễ kích ứng
- Da sau treatment, da đang phục hồi
- Người theo routine skincare tối giản – lành tính",,,https://drive.google.com/drive/folders/1x96IjdtFUI3tTY4BJfpTLjI1OH0u_DeQ?usp=drive_link
Sản phẩm dưỡng sinh ,Chăm sóc da,Tinh chất hoa bưởi ,,,Được yêu thích ,Mọi loại da/ Dùng được cho phụ nữ có thai & trẻ em/ Không hóa chất độc hại/ Không chất tẩy rửa/ Không hương liệu/ Không chất bảo quản,,,,,,,"Tinh chất Hoa Bưởi dạng xịt được chiết xuất từ hoa và vỏ bưởi tự nhiên, mang theo hương thơm thanh mát đặc trưng cùng những dưỡng chất giúp chăm sóc tóc và da theo cách dịu nhẹ, lành tính. Sản phẩm giúp mái tóc mềm mại hơn, giảm khô xơ và hỗ trợ nuôi dưỡng chân tóc khỏe mạnh mà không gây bết dính.

💛 Công dụng nổi bật

Dưỡng tóc:
- Hỗ trợ nuôi dưỡng tóc mềm mại và chắc khỏe hơn
- Giúp tóc giảm khô xơ và dễ chải hơn
- Hỗ trợ chăm sóc da đầu và chân tóc
- Giúp mái tóc thơm nhẹ tự nhiên suốt ngày
- Mang lại cảm giác thư giãn với hương hoa bưởi dịu mát

Dưỡng da: 
- Dưỡng ẩm cho da, g iups da rạng rỡ sáng hồng 
- GIúp làm thông thoáng, se khít lỗ chân lông 
- Làm dịu da, giúp ngăn ngừa mụn, giảm nếp nhăn, giúp da săn chắc khỏe mạnh 

💧 Mỗi lần xịt là một lần mái tóc được “tưới mát” bởi hương hoa bưởi thanh khiết — nhẹ nhàng nhưng đủ để mái tóc, làn da và tinh thần đều cảm thấy dễ chịu hơn.
",Chiết xuất 100% từ hoa bưởi ,,"🌼 Dùng cho tóc
- Lắc nhẹ chai trước khi sử dụng
- Xịt trực tiếp lên chân tóc, da đầu hoặc thân tóc ở khoảng cách 10–15cm
- Massage nhẹ nhàng để tinh chất thẩm thấu tốt hơn
👉 Có thể dùng trên tóc khô hoặc tóc ẩm
👉 Nên dùng sau khi gội đầu hoặc trước khi sấy tóc

🌿 Dùng cho da
- Xịt trực tiếp lên mặt hoặc cơ thể ở khoảng cách khoảng 20cm
- Vỗ nhẹ để dưỡng chất thẩm thấu tự nhiên
👉 Có thể dùng:
- Sau khi rửa mặt
- Khi da khô, ngồi điều hòa nhiều
- Sau khi đi nắng hoặc khi cần làm dịu da nhanh

Cách sử dụng khác: 
- Hòa với mật ong uống giúp ngăn ngừa cảm cúm và hơi thở thơm mát 
- Có thể dùng để nấu chè để tạo hương hoa bưởi 
- Dùng để xông phòng 

✨ Tips sử dụng hiệu quả hơn
- Bảo quản lạnh để tăng cảm giác thư giãn và làm dịu
- Có thể dùng như xịt thơm tóc và cơ thể tự nhiên
- Kết hợp massage da đầu hoặc Gua Sha để tăng thư giãn và lưu thông

⚠️ Lưu ý
Tránh xịt trực tiếp vào mắt
Bảo quản nơi khô ráo, tránh ánh nắng trực tiếp
Nếu có hiện tượng lắng nhẹ từ nguyên liệu tự nhiên, chỉ cần lắc đều trước khi dùng",,,
Sản phẩm dưỡng sinh ,Chăm sóc da,Nước tẩy trang Tía tô & Hoa hồng ,,,,Mọi loại da/ Dùng được cho phụ nữ có thai & trẻ em/ Không hóa chất độc hại/ Không chất tẩy rửa/ Không hương liệu/ Không chất bảo quản,233000,,,,300ml,,"Công dụng: 
- Làm sạch sâu lỗ chân lông, tẩy tế bào chết trên da, loại bỏ dầu thừa
- Thư giãn, dưỡng ẩm cho da để làn da trông rạng rỡ, sáng hồng hơn
- Giúp làm thông thoáng, se khít lỗ chân lông 
- Giúp ngăn ngừa mụn, giảm nếp nhăn cho da, giúp da khỏe hơn, săn chắc hơn ","Chiết xuất tía tô, Chiết xuất hoa hồng, muối epsom, dầu hạt chanh ",,Nhỏ vào bông tẩy trang sau đó lau sạch lợp bụi bẩn hoặc lớp trang điểm trên da. Có thể dùng thay sữa rửa mặt nếu không trang điểm và dùng như 1 loại toner ,,,https://drive.google.com/drive/folders/1WefSBn342snxsgmdpqAwzV6yYTzxrT1m?usp=drive_link
Sản phẩm dưỡng sinh ,Chăm sóc da cơ thể,Xà bông Nghệ Hoa hồng ,,,Được yêu thích ,Mọi loại da/ Dùng được cho phụ nữ có thai & trẻ em/ Không hóa chất độc hại/ Không chất tẩy rửa/ Không hương liệu/ Không chất bảo quản,89000,,,,105gr,,"🌿 Xà bông Nghệ Mật Ong – Làm sạch dịu nhẹ, nuôi dưỡng làn da khỏe tự nhiên

Được tạo nên từ những nguyên liệu thiên nhiên giàu dưỡng chất, xà bông Nghệ Mật Ong là sự kết hợp giữa làm sạch lành tính và phục hồi da theo hướng tự nhiên. Không chỉ làm sạch bụi bẩn và dầu thừa, sản phẩm còn hỗ trợ nuôi dưỡng hàng rào bảo vệ da, giúp da mềm mại và khỏe hơn mỗi ngày.

✨ Thành phần nổi bật
Dầu dừa ép lạnh: Giúp làm sạch dịu nhẹ, giữ độ ẩm tự nhiên cho da
Dầu Sachi Inchi: Giàu Omega 3-6-9, hỗ trợ phục hồi và chống oxy hóa cho da
Nước cất hoa hồng: Làm dịu, cân bằng và mang lại cảm giác tươi mát
Mật ong: Dưỡng ẩm, hỗ trợ kháng khuẩn và làm mềm da
Bột Nghệ: Hỗ trợ làm sáng da, giảm thâm và cải thiện tình trạng da không đều màu
Bột tía tô: Thanh lọc, hỗ trợ giảm viêm và làm dịu da mụn
Tinh dầu sả hoa hồng: Mang hương thơm thư giãn tự nhiên, hỗ trợ làm sạch và cân bằng da
💛 Công dụng nổi bật
Làm sạch da nhẹ nhàng mà không gây khô căng
Hỗ trợ giảm dầu thừa và thanh lọc da
Giúp da mềm mại, ẩm mịn sau khi rửa
Hỗ trợ cải thiện thâm mụn và làm đều màu da
Mang lại cảm giác thư giãn với hương thảo mộc tự nhiên
🌱 Phù hợp với
- Da dầu, da hỗn hợp, da dễ nổi mụn, da dễ kích ứng với các sản phẩm công nghiệp 
- Da bị mụn lưng/mông, sần sùi, khô ráp 
- Da trẻ em
- Phụ nữ mang thai 
✨ Điểm khác biệt

Không chỉ là một bánh xà bông làm sạch, đây là sự kết hợp giữa thảo dược – dầu thực vật – dưỡng chất tự nhiên, giúp làn da được chăm sóc theo cách tối giản nhưng bền vững hơn mỗi ngày.

💧 Mỗi lần rửa mặt không chỉ là làm sạch da, mà còn là một bước nhỏ đưa làn da trở về trạng thái cân bằng và khỏe mạnh tự nhiên","Dầu dừa ép lạnh, Dầu Sachi Inchi, Nước cất hoa hồng, Mật ong, Bột Nghệ, Bột tía tô, Tinh dầu sả hoa hồng",,"✨ Hướng dẫn sử dụng
- Làm ướt da và bánh xà bông
- Cho xà bông vào túi lưới tạo bọt, xoa nhẹ để tạo lớp bọt mịn
- Dùng phần bọt massage nhẹ nhàng lên mặt hoặc cơ thể theo chuyển động tròn
- Thư giãn trên da khoảng 30 giây – 1 phút
- Rửa sạch lại với nước

🌿 Sử dụng cho da mặt

- Nên dùng lớp bọt mịn thay vì chà trực tiếp bánh xà bông lên mặt
- Massage nhẹ nhàng để làm sạch dầu thừa và bụi bẩn
- Phù hợp sử dụng 1–2 lần/ngày

🛁 Sử dụng cho cơ thể
- Có thể dùng trực tiếp với túi lưới tạo bọt để làm sạch toàn thân
- Đặc biệt phù hợp cho vùng da dễ đổ dầu, bí tắc hoặc cần thư giãn cơ thể

✨ Tips để sử dụng hiệu quả hơn
- Treo khô xà bông sau khi dùng để kéo dài thời gian sử dụng
- Kết hợp cùng massage nhẹ để tăng lưu thông và thư giãn da
- Sau khi rửa, nên dùng thêm xịt khoáng hoặc dưỡng ẩm để da mềm mịn hơn


💛 Lớp bọt mềm từ túi lưới không chỉ giúp tiết kiệm xà bông, mà còn mang lại cảm giác làm sạch nhẹ nhàng như một bước spa chăm sóc da mỗi ngày.",,,https://drive.google.com/drive/folders/1nw0dVpgV7kJkkWZkVe2Kix01XjMvq5-O?usp=drive_link
Sản phẩm dưỡng sinh ,Chăm sóc da cơ thể,Xà bông Gừng Tràm Quế ,,,Được yêu thích ,Mọi loại da/ Dùng được cho phụ nữ có thai & trẻ em/ Không hóa chất độc hại/ Không chất tẩy rửa/ Không hương liệu/ Không chất bảo quản,89000,,,,105gr,,"🌿 Xà bông Gừng Tràm Quế – Làm sạch ấm nóng, thanh lọc và phục hồi làn da tự nhiên

Xà bông Gừng Tràm Quế là sự hòa quyện giữa các thảo dược phương Đông và dầu thực vật dưỡng da, mang đến cảm giác làm sạch sâu nhưng vẫn dịu nhẹ. Với hương thơm ấm từ gừng – quế – tràm, sản phẩm không chỉ chăm sóc làn da mà còn giúp thư giãn và “đánh thức” cơ thể sau một ngày dài.

✨ Thành phần 
Dầu dừa ép lạnh: Làm sạch nhẹ nhàng, hỗ trợ giữ ẩm tự nhiên cho da
Dầu Sachi Inchi: Giàu Omega 3-6-9 giúp nuôi dưỡng và phục hồi hàng rào bảo vệ da
Nước cốt gừng tươi: Làm ấm da, hỗ trợ lưu thông và thanh lọc da tự nhiên
Mật ong: Dưỡng ẩm, giúp da mềm mại và hỗ trợ kháng khuẩn
Bột nghệ: Hỗ trợ làm sáng da, giảm thâm và cải thiện sắc tố da không đều màu
Bột quế: Giúp làm sạch, hỗ trợ giảm dầu thừa và mang lại cảm giác ấm nóng dễ chịu
Tinh dầu tràm: Hỗ trợ kháng khuẩn, làm sạch da và tạo hương thơm thư giãn tự nhiên

💛 Công dụng nổi bật
- Làm sạch da mà không gây khô căng
- Hỗ trợ giảm dầu thừa, thanh lọc và làm thông thoáng lỗ chân lông
- Giúp da mềm mại, mịn màng hơn sau khi sử dụng
- Hỗ trợ giảm mùi cơ thể và tạo cảm giác sạch thoáng
- Mang lại cảm giác thư giãn, ấm cơ thể với hương thảo mộc tự nhiên

🌱 Phù hợp với
- Da dầu, da hỗn hợp, da dễ nổi mụn, da dễ kích ứng với các sản phẩm công nghiệp 
- Da bị mụn lưng/mông, sần sùi, khô ráp 
- Da trẻ em
- Phụ nữ mang thai 
✨ Điểm khác biệt

Không chỉ là xà bông làm sạch thông thường, Gừng Tràm Quế kết hợp giữa thảo dược làm ấm – dầu dưỡng thực vật – tinh dầu thiên nhiên, mang lại trải nghiệm chăm sóc cơ thể vừa sạch sâu vừa thư giãn như một liệu pháp spa tại nhà.

💧 Mỗi lần sử dụng là một lần cơ thể được làm sạch, sưởi ấm và tái tạo năng lượng từ những nguyên liệu thiên nhiên nguyên bản.","Dầu dừa ép lạnh, Dầu Sachi Inchi, Nước cốt gừng tươi, Mật ong, Bột nghệ, Bột quế, Tinh dầu tràm",,"✨ Hướng dẫn sử dụng
- Làm ướt da và bánh xà bông
- Cho xà bông vào túi lưới tạo bọt, xoa nhẹ để tạo lớp bọt mịn
- Dùng phần bọt massage nhẹ nhàng lên mặt hoặc cơ thể theo chuyển động tròn
- Thư giãn trên da khoảng 30 giây – 1 phút
- Rửa sạch lại với nước

🌿 Sử dụng cho da mặt

- Nên dùng lớp bọt mịn thay vì chà trực tiếp bánh xà bông lên mặt
- Massage nhẹ nhàng để làm sạch dầu thừa và bụi bẩn
- Phù hợp sử dụng 1–2 lần/ngày

🛁 Sử dụng cho cơ thể
- Có thể dùng trực tiếp với túi lưới tạo bọt để làm sạch toàn thân
- Đặc biệt phù hợp cho vùng da dễ đổ dầu, bí tắc hoặc cần thư giãn cơ thể

✨ Tips để sử dụng hiệu quả hơn
- Treo khô xà bông sau khi dùng để kéo dài thời gian sử dụng
- Kết hợp cùng massage nhẹ để tăng lưu thông và thư giãn da
- Sau khi rửa, nên dùng thêm xịt khoáng hoặc dưỡng ẩm để da mềm mịn hơn


💛 Lớp bọt mềm từ túi lưới không chỉ giúp tiết kiệm xà bông, mà còn mang lại cảm giác làm sạch nhẹ nhàng như một bước spa chăm sóc da mỗi ngày.",,,https://drive.google.com/drive/folders/11tnOHo6RrnKGuELlSgN7JfXLRgikmj3U?usp=drive_link
Sản phẩm dưỡng sinh ,Chăm sóc da,Mặt nạ hoa hồng ,,,,Mọi loại da/ Dùng được cho phụ nữ có thai & trẻ em/ Không hóa chất độc hại/ Không chất tẩy rửa/ Không hương liệu/ Không chất bảo quản,168000,,,,50gr,,"Mặt nạ Tía Tô là sự kết hợp giữa thảo dược truyền thống và các loại dầu thực vật giàu dưỡng chất, giúp làn da được thanh lọc nhẹ nhàng nhưng vẫn duy trì độ ẩm và sự mềm mại tự nhiên. Đây là lựa chọn phù hợp cho những làn da đang mệt mỏi, dễ bí tắc hoặc cần được “thở” sau nhiều lớp mỹ phẩm.

✨ Thành phần nổi bật
Bột tía tô: Giúp thanh lọc da, hỗ trợ giảm dầu thừa và làm dịu da mụn
Mật ong: Dưỡng ẩm, hỗ trợ kháng khuẩn và giúp da mềm mại hơn
Dầu Sachi Inchi: Giàu Omega 3-6-9, hỗ trợ phục hồi và củng cố hàng rào bảo vệ da
Dầu bơ: Nuôi dưỡng sâu, giúp da mềm mịn và hạn chế khô căng sau khi đắp mặt nạ

💚 Công dụng nổi bật
- Hỗ trợ làm sạch và thanh lọc da nhẹ nhàng
- Giúp giảm cảm giác bí tắc, dầu thừa trên da
- Làm dịu da mụn, da dễ kích ứng
- Cấp ẩm và giữ da mềm mại sau khi sử dụng
- Hỗ trợ cải thiện làn da xỉn màu, thiếu sức sống

🌱 Phù hợp với
- Da dầu, da hỗn hợp thiên dầu
- Da dễ nổi mụn, bí tắc lỗ chân lông
- Da mệt mỏi, xỉn màu cần được làm dịu và phục hồi

✨ Điểm khác biệt

Không giống các loại mask làm sạch khiến da khô ráp sau khi dùng, Mặt nạ Tía Tô tập trung vào cơ chế “thanh lọc nhưng vẫn nuôi dưỡng” — giúp da được làm sạch nhẹ nhàng mà vẫn giữ được độ ẩm và sự cân bằng tự nhiên.

💧 Từng lớp mặt nạ như một khoảng nghỉ cho làn da — nơi da được thở, được làm dịu và dần trở về trạng thái khỏe khoắn nguyên bản","Bột tía tô, Mật ong, Dầu Sachi Inchi, Dầu bơ",,,,,https://drive.google.com/drive/folders/1qDbuV6wrN39_L9AIMXSIBhqsaCtfnnXS?usp=drive_link
Sản phẩm dưỡng sinh ,Chăm sóc da,Mặt nạ tía tô ,,,,Mọi loại da/ Dùng được cho phụ nữ có thai & trẻ em/ Không hóa chất độc hại/ Không chất tẩy rửa/ Không hương liệu/ Không chất bảo quản,158000,,,,50gr,,"Mặt nạ Hoa Hồng là sự kết hợp giữa cánh hoa hồng thiên nhiên và các loại dầu thực vật giàu dưỡng chất, giúp làn da được cấp ẩm, thư giãn và phục hồi nhẹ nhàng. Với hương hoa dịu nhẹ cùng kết cấu giàu dưỡng, sản phẩm mang đến cảm giác chăm sóc da như một nghi thức spa thư giãn tại nhà.

✨ Thành phần nổi bật
Bột cánh hoa hồng: Giúp làm dịu, hỗ trợ cân bằng da và mang lại vẻ tươi tắn tự nhiên
Mật ong: Dưỡng ẩm, làm mềm da và hỗ trợ bảo vệ da khỏi khô ráp
Dầu Sachi Inchi: Giàu Omega 3-6-9 giúp phục hồi và nuôi dưỡng hàng rào bảo vệ da
Dầu bơ: Cấp ẩm sâu, giúp da mềm mại và căng mịn hơn sau khi sử dụng
💗 Công dụng nổi bật
- Cấp ẩm và giúp da mềm mại, mịn màng hơn
- Làm dịu da khô, da mệt mỏi hoặc thiếu sức sống
- Hỗ trợ cải thiện độ đàn hồi và độ căng bóng tự nhiên của da
- Giúp da tươi sáng và đều màu hơn
- Mang lại cảm giác thư giãn với hương hoa hồng tự nhiên nhẹ nhàng

🌱 Phù hợp với
- Da khô, da thiếu nước
- Da nhạy cảm cần làm dịu nhẹ nhàng
- Da xỉn màu, thiếu sức sống
✨ Điểm khác biệt

Không đơn thuần là mặt nạ dưỡng ẩm, Mặt nạ Hoa Hồng tập trung vào trải nghiệm “nuôi dưỡng và làm dịu” — giúp làn da không chỉ mềm hơn sau khi dùng, mà còn cảm nhận được sự thư thái và cân bằng tự nhiên.

💧 Từng cánh hoa hồng như mang theo độ ẩm và sự dịu dàng của thiên nhiên, giúp làn da được nghỉ ngơi, phục hồi và tỏa sáng theo cách nhẹ nhàng nhất.","Bột cánh hoa hồng, Mật ong, Dầu Sachi Inchi, Dầu bơ",,,,,https://drive.google.com/drive/folders/1HmIDxdPmkk1iVkqnNQyJ-ST9OfVNEPAD?usp=drive_link
Sản phẩm dưỡng sinh ,Chăm sóc da,Mặt nạ nghệ phục hồi ,,có,,Mọi loại da/ Dùng được cho phụ nữ có thai & trẻ em/ Không hóa chất độc hại/ Không chất tẩy rửa/ Không hương liệu/ Không chất bảo quản,198000,,,,120gr,,"Mặt Nạ Nghệ Phục Hồi là sự kết hợp giữa mật ong nguyên chất, tinh bột nghệ đỏ và dầu hạt chanh — mang đến giải pháp chăm sóc da dịu nhẹ theo hướng phục hồi và nuôi dưỡng tự nhiên. Với kết cấu mềm mịn cùng hương thảo mộc nhẹ nhàng, sản phẩm giúp làn da được thư giãn, làm sạch và tái tạo sau những ngày mệt mỏi hoặc tiếp xúc nhiều với mỹ phẩm và môi trường.

✨ Thành phần nổi bật
- Mật ong: Giúp dưỡng ẩm, làm mềm và hỗ trợ bảo vệ da
- Tinh bột nghệ đỏ: Giàu hoạt chất chống oxy hóa tự nhiên, hỗ trợ làm sáng và cải thiện thâm da
- Dầu hạt chanh: Giúp làm sạch nhẹ nhàng, mang lại cảm giác tươi mát và hỗ trợ cân bằng da
💛 Công dụng nổi bật
- Hỗ trợ làm sạch da và loại bỏ tế bào chết nhẹ nhàng
- Giúp da sáng mịn và đều màu hơn
- Hỗ trợ giảm thâm và phục hồi làn da mệt mỏi
- Giúp da mềm mại, ẩm mịn sau khi sử dụng
- Mang lại cảm giác thư giãn và dễ chịu cho làn da
🌱 Phù hợp với
- Mọi loại da, đặc biệt là da xỉn màu hoặc thiếu sức sống
- Da cần phục hồi và nuôi dưỡng nhẹ nhàng

Không chỉ là mặt nạ dưỡng da thông thường, Mặt Nạ Nghệ Phục Hồi tập trung vào cơ chế “làm sạch dịu nhẹ kết hợp nuôi dưỡng” — giúp da không bị khô căng sau khi đắp mà vẫn giữ được cảm giác mềm mại và thoải mái tự nhiên.","Mật ong, tinh bột nghệ đỏ, dầu hạt chanh.",,,,,https://drive.google.com/drive/folders/1PoXGDiUyDdvDbn7QMvZ6zUuQnQsPbcFt?usp=drive_link
Sản phẩm dưỡng sinh ,Chăm sóc da,Dầu dưỡng hoa hồng ,,,,Mọi loại da/ Dùng được cho phụ nữ có thai & trẻ em/ Không hóa chất độc hại/ Không chất tẩy rửa/ Không hương liệu/ Không chất bảo quản,158000,,,,20ml,,"Dầu dưỡng Hoa Hồng là sự kết hợp tối giản nhưng giàu dưỡng chất giữa cánh hoa hồng tự nhiên và dầu Sachi Inchi nguyên chất. Từng giọt dầu mang theo độ ẩm, sự dịu dàng của hoa hồng cùng khả năng phục hồi chuyên sâu từ các acid béo thực vật, giúp làn da được nuôi dưỡng khỏe mạnh theo cách tự nhiên nhất.

✨ Thành phần nổi bật
- Cánh hoa hồng: Giúp làm dịu, hỗ trợ cân bằng và mang lại vẻ tươi tắn cho làn da
- Dầu Sachi Inchi: Giàu Omega 3-6-9 và chất chống oxy hóa, giúp phục hồi hàng rào bảo vệ da, duy trì độ ẩm và cải thiện độ đàn hồi tự nhiên
💗 Công dụng nổi bật
- Cấp ẩm và khóa ẩm cho da mềm mại, căng mịn
- Hỗ trợ phục hồi da khô, da mỏng yếu hoặc thiếu sức sống
- Giúp da trông tươi sáng và khỏe khoắn hơn
- Làm dịu cảm giác khô ráp, căng rít sau khi rửa mặt
- Mang lại cảm giác thư giãn với hương hoa hồng tự nhiên nhẹ nhàng
🌱 Phù hợp với
- Da khô, da thiếu nước
- Da nhạy cảm, da cần phục hồi
- Da bắt đầu xuất hiện dấu hiệu lão hóa

Không chứa silicone hay hương liệu tổng hợp, Dầu dưỡng Hoa Hồng nuôi dưỡng da theo cơ chế “bổ sung lipid tự nhiên”, giúp da dần khỏe lên, mềm hơn và ít phụ thuộc vào các lớp dưỡng dày nặng.",,,"🌹 Sử dụng cho da mặt
- Cách dùng cơ bản
- Làm sạch da và sử dụng toner/xịt khoáng
- Lấy 2–3 giọt dầu dưỡng ra lòng bàn tay
- Xoa nhẹ để làm ấm dầu
- Áp nhẹ và massage lên da mặt theo hướng từ trong ra ngoài, từ dưới lên trên

👉 Nên dùng ở bước cuối cùng để khóa ẩm và giữ dưỡng chất trên da

🌿 Sử dụng trong các trường hợp
- Khi da khô, bong tróc hoặc thiếu độ ẩm
- Khi da mệt mỏi, thiếu sức sống
- Sau treatment hoặc khi da cần phục hồi nhẹ nhàng
- Khi ngồi điều hòa nhiều hoặc thời tiết hanh khô

⚠️ Lưu ý
- Chỉ cần dùng lượng vừa đủ để tránh bí da
- Với da dầu, nên sử dụng lượng ít vào buổi tối
- Bảo quản nơi khô ráo, tránh ánh nắng trực tiếp

✨ Có thể kết hợp thêm
Dùng cùng Gua Sha để massage nâng cơ và thư giãn da mặt
Trộn 1 giọt vào kem dưỡng để tăng độ ẩm
Dùng cho vùng cổ, khóe mắt hoặc vùng da khô ráp cần nuôi dưỡng thêm",,,https://drive.google.com/drive/folders/1OrgLi3crK2RcIKGwrYQzM2SiREROZXLu?usp=drive_link
Sản phẩm dưỡng sinh ,Chăm sóc da cơ thể,Dầu massage Hoa hồng ,,có,,Mọi loại da/ Dùng được cho phụ nữ có thai & trẻ em/ Không hóa chất độc hại/ Không chất tẩy rửa/ Không hương liệu/ Không chất bảo quản,236000,,,,50ml,,,,,,,,https://drive.google.com/drive/folders/1WXPdSI3QXq6Bnu3JTNKjG7E7LK9zkuQp?usp=drive_link
Sản phẩm dưỡng sinh ,Chăm sóc tóc,Cao gội Hoa hồng 2 in 1 (Gội&Xả),,,,,289000,,,,300ml,,"🌹 Cao Gội Hoa Hồng – Làm sạch dịu nhẹ, nuôi dưỡng tóc và da đầu từ thảo dược thiên nhiên

Cao Gội Hoa Hồng là sự hòa quyện giữa cánh hoa hồng cùng nhiều loại thảo dược truyền thống, mang đến trải nghiệm làm sạch tóc theo phương pháp tự nhiên và lành tính. Không chỉ giúp làm sạch tóc và da đầu, sản phẩm còn hỗ trợ nuôi dưỡng mái tóc mềm mại, giảm khô xơ và mang lại cảm giác thư giãn với hương thơm thảo mộc nhẹ nhàng.

✨ Thành phần nổi bật
- Cánh hoa hồng: Giúp làm dịu da đầu và mang lại hương thơm tự nhiên thư giãn
- Bồ kết & bồ hòn: Làm sạch tóc và da đầu nhẹ nhàng theo phương pháp truyền thống
- Vỏ bưởi, hương nhu, hà thủ ô: Hỗ trợ nuôi dưỡng tóc chắc khỏe và giảm gãy rụng
- Sả chanh, gừng, bạc hà: Giúp làm sạch, tạo cảm giác thông thoáng và thư giãn da đầu
- Cỏ mần trầu & chè xanh: Hỗ trợ cân bằng dầu và làm dịu da đầu
- Nha đam & cốt dừa: Giúp cấp ẩm, giảm khô xơ cho tóc
- Quả chanh & me rừng: Hỗ trợ làm sạch tóc và giúp tóc mềm mượt tự nhiên
💗 Công dụng nổi bật
- Làm sạch tóc và da đầu dịu nhẹ mà không gây khô căng
- Hỗ trợ giảm dầu thừa và giúp da đầu thông thoáng
- Giúp tóc mềm mại, giảm xơ rối và gãy rụng
- Hỗ trợ nuôi dưỡng tóc chắc khỏe tự nhiên
- Mang lại cảm giác thư giãn với hương thơm thảo dược dễ chịu
🌱 Phù hợp với
- Da đầu nhạy cảm hoặc dễ kích ứng với dầu gội hóa học
- Tóc khô xơ, dễ gãy rụng
- Người yêu thích chăm sóc tóc bằng phương pháp thảo dược truyền thống
- Người muốn giảm phụ thuộc vào silicone và chất tẩy mạnh
✨ Điểm khác biệt

Không tạo cảm giác “bóng mượt tức thì” như dầu gội chứa silicone, Cao Gội Hoa Hồng tập trung vào cơ chế làm sạch và nuôi dưỡng thật sự — giúp tóc và da đầu dần trở về trạng thái khỏe tự nhiên, mềm nhẹ và ít phụ thuộc hơn vào hóa chất.","Cánh hoa hồng, bồ kết, bồ hòn, vỏ bưởi, hương nhu, hà thủ ô, quả chanh, sả chanh, củ gừng, cỏ mần trầu, nha đam, bạc hà, chè xanh, cốt dừa, me rừng.",,"🌿 Hướng dẫn sử dụng
- Làm ướt tóc và da đầu
- Lấy một lượng cao gội vừa đủ ra tay, hòa với chút nước để tạo độ loãng nhẹ
- Thoa đều lên tóc và da đầu
- Massage nhẹ nhàng bằng đầu ngón tay trong 2–5 phút để dưỡng chất và thảo dược làm sạch da đầu
- Xả sạch lại với nước

👉 Có thể gội 2 lần nếu tóc nhiều dầu hoặc sau khi vận động nhiều

✨ Để tăng hiệu quả chăm sóc tóc
- Kết hợp massage da đầu hoặc dùng lược gỗ/Gua Sha da đầu để tăng lưu thông
- Sau khi gội, nên để tóc khô tự nhiên hoặc sấy ở nhiệt độ thấp
- Có thể dùng thêm xịt dưỡng hoặc dầu dưỡng tóc ở phần ngọn tóc khô xơ",,,https://drive.google.com/drive/folders/13TJAGxRXTKmYBM24MM2NolEmmoOKfOsv?usp=drive_link
Sản phẩm dưỡng sinh ,Chăm sóc tóc,Tinh chất hoa bưởi ,,,,,138000,,,,100ml,,,,,,,,https://drive.google.com/drive/folders/18dMOQWe-Od1PgGYQC8_yFlMu7pWQjf6i?usp=drive_link
Sản phẩm dưỡng sinh ,Chăm sóc sức khỏe ,Trà Hoa hồng ,,,,,189000,,,,60gr,,"Được làm từ những bông hoa hồng cổ hữu cơ thu hái tự nhiên, Trà Hoa Hồng mang hương thơm thanh nhẹ và vị trà dịu dàng đặc trưng của hoa tươi. Không chỉ là một thức uống thư giãn, trà hoa hồng còn là khoảng thời gian để cơ thể được thả lỏng và cân bằng sau những bộn bề mỗi ngày.

✨ Thành phần nổi bật
Hoa hồng cổ hữu cơ: Được trồng tự nhiên, không hóa chất, giữ trọn hương thơm và dưỡng chất nguyên bản của cánh hoa
💗 Công dụng nổi bật
Giúp thư giãn tinh thần và giảm cảm giác căng thẳng
Hỗ trợ thanh lọc cơ thể nhẹ nhàng
Giúp cơ thể cảm thấy dễ chịu và cân bằng hơn
Hỗ trợ làm đẹp da từ bên trong nhờ các chất chống oxy hóa tự nhiên
Mang lại cảm giác nhẹ nhàng với hương hoa tự nhiên thanh dịu
🌱 Phù hợp với
Người thường xuyên căng thẳng, cần thư giãn tinh thần
Người yêu thích lối sống chậm và chăm sóc cơ thể tự nhiên
Người muốn bổ sung trà thảo mộc nhẹ nhàng mỗi ngày
Người yêu hương hoa và các thức uống thiên nhiên",,Chứng nhận OCOP 3 sao ,"💧 Cách sử dụng Trà Hoa Hồng
🌸 Pha trà nóng
Cho 3–5 bông hoa hồng vào tách
Rót nước nóng khoảng 80–90°C
Ủ trà 3–5 phút để hoa nở và tiết hương thơm
Thưởng thức khi còn ấm

👉 Có thể thêm mật ong hoặc táo đỏ để tăng hương vị

❄️ Pha trà lạnh
Pha trà đậm hơn một chút rồi để nguội
Thêm đá hoặc trái cây tươi để dùng như trà thanh mát mỗi ngày
✨ Thời điểm phù hợp để sử dụng
Buổi sáng nhẹ nhàng để bắt đầu ngày mới
Buổi tối trước khi ngủ để thư giãn tinh thần
Khi cần một khoảng nghỉ giữa ngày làm việc
⚠️ Lưu ý
Không dùng nước quá sôi để giữ hương hoa tự nhiên
Bảo quản nơi khô ráo, tránh ẩm để giữ chất lượng hoa",,,https://drive.google.com/drive/folders/1NGKFUuDGydNN5Jrh2LW4SH37uJlqoZEH?usp=drive_link
Sản phẩm dưỡng sinh ,Chăm sóc sức khỏe ,Trà Tía tô ,,có,,,99000,,,,20gr,,"Trà Tía Tô được làm từ những lá tía tô tự nhiên sấy khô, giữ lại hương thơm đặc trưng cùng tinh chất thảo dược vốn quen thuộc trong đời sống Á Đông. Với vị trà thanh nhẹ, hơi ấm và dễ uống, đây không chỉ là một thức uống thư giãn mà còn là cách để cơ thể được chăm sóc nhẹ nhàng mỗi ngày.

✨ Thành phần nổi bật
Lá tía tô tự nhiên: Giàu tinh dầu và chất chống oxy hóa thực vật, giúp cơ thể cảm thấy nhẹ nhàng và cân bằng hơn
💚 Công dụng nổi bật
- Hỗ trợ thanh lọc cơ thể tự nhiên
- Giúp cơ thể cảm thấy nhẹ nhàng, dễ chịu hơn
- Hỗ trợ giảm cảm giác đầy bụng, khó chịu sau ăn
- Giúp thư giãn và làm ấm cơ thể
- Hỗ trợ làm đẹp da từ bên trong nhờ các hoạt chất chống oxy hóa tự nhiên
🌱 Phù hợp với
- Người muốn duy trì thói quen uống trà thảo mộc lành tính
- Người thường xuyên ăn uống thất thường hoặc thức khuya
- Người yêu thích các loại trà thiên nhiên dễ uống mỗi ngày
- Người theo đuổi lối sống thanh lọc và chăm sóc cơ thể tự nhiên
✨ Điểm khác biệt

Không hương liệu tổng hợp, không vị ngọt gắt, Trà Tía Tô giữ nguyên hương thơm thảo mộc nhẹ đặc trưng — mang lại cảm giác mộc mạc, dễ chịu như một tách trà được hái từ khu vườn nhà.",,,"🌿 Cách pha trà nóng
- Cho khoảng 3–5g trà vào tách hoặc bình
- Rót 200–300ml nước nóng khoảng 80–90°C
- Ủ trà trong 3–5 phút để lá trà tiết hương và dưỡng chất
- Thưởng thức khi còn ấm

👉 Có thể châm thêm nước 1–2 lần đến khi trà nhạt vị

❄️ Cách pha trà lạnh
- Pha trà đậm hơn bình thường
- Để nguội và thêm đá
- Có thể kết hợp cùng mật ong, lát chanh hoặc táo đỏ để tăng hương vị tự nhiên
✨ Nên sử dụng khi nào?
- Buổi sáng để cơ thể cảm thấy nhẹ nhàng, dễ chịu hơn
- Sau bữa ăn để thư giãn và cân bằng cơ thể
- Khi cảm thấy mệt mỏi, cần một thức uống thanh mát và thư giãn
- Buổi tối nhẹ nhàng để thả lỏng tinh thần
🌱 Phù hợp với ai?
- Người muốn duy trì thói quen uống trà thảo mộc tự nhiên
- Người ăn uống thất thường hoặc thường xuyên thức khuya
- NGười bị sốt, cảm mạo, ho, phong hàn,...
⚠️ Lưu ý
- Không dùng nước quá sôi để giữ hương thơm tự nhiên của trà
- Nên sử dụng trong ngày để cảm nhận hương vị tươi ngon nhất
- Bảo quản nơi khô ráo, tránh ánh nắng trực tiếp và độ ẩm cao",,,https://drive.google.com/drive/folders/11Pl__5f8WZHdPu6Zv12evjDv9rFolty4?usp=drive_link
Sản phẩm dưỡng sinh ,Chăm sóc sức khỏe ,Gấc lên men ,,,,,295000,,,,500ml,,"Gấc Lên Men là sự kết hợp giữa quả gấc chín giàu dưỡng chất và mật ong lên men tự nhiên, tạo nên một sản phẩm vừa thơm dịu, dễ sử dụng, vừa hỗ trợ chăm sóc cơ thể theo hướng lành tính từ bên trong. Quá trình lên men giúp nguyên liệu trở nên hài hòa hơn, dễ hấp thụ hơn và giữ được nguồn enzyme tự nhiên có lợi cho cơ thể.

✨ Thành phần nổi bật
- Gấc tự nhiên: Giàu beta-carotene, lycopene và chất chống oxy hóa thực vật
- Mật ong lên men: Giúp cân bằng vị, hỗ trợ tiêu hóa và tăng khả năng hấp thụ dưỡng chất tự nhiên
🧡 Công dụng nổi bật
- Hỗ trợ làm đẹp da từ bên trong
- Giúp cơ thể bổ sung chất chống oxy hóa tự nhiên
- Hỗ trợ cơ thể khỏe khoắn và tươi tắn hơn
- Giúp cơ thể hấp thụ dưỡng chất dễ dàng hơn nhờ quá trình lên men
- Giúp sáng mắt, tăng cường thị lực
- Giàu Lycopene & Beta-Carotene giúp làm đẹp da, chống lão hóa
- Hỗ trợ tim mạch, giảm cholesterol, ngừa đột quỵ
- Tăng cường miễn dịch, ngăn ngừa thiếu máu
- Giàu sắt, tốt cho mẹ bầu & người thiếu máu
🌱 Phù hợp với
- Người thiếu máu, thiếu sắt 
- Phụ nữ cần điều hòa nội tiết 


✨ Điểm khác biệt

Không chỉ là gấc ngâm mật ong thông thường, sản phẩm được lên men tự nhiên để tạo nên trạng thái dưỡng chất “dịu” hơn với cơ thể — vừa giữ được vị thơm đặc trưng của gấc, vừa mang đến cảm giác dễ chịu khi sử dụng hằng ngày.","Mật ong lên men, Gấc nếp ",,"💧 Cách sử dụng Gấc Lên Men
🍯 Dùng trực tiếp
Dùng 1–2 muỗng mỗi ngày
Có thể ăn trực tiếp hoặc dùng sau bữa ăn
🍵 Pha cùng nước ấm
Pha cùng nước ấm để tạo thức uống dễ dùng mỗi sáng
Có thể kết hợp với chanh hoặc trà thảo mộc
🥣 Kết hợp cùng thực phẩm
Dùng cùng sữa chua, yến mạch hoặc smoothie
Có thể dùng như một phần trong chế độ ăn lành mạnh hằng ngày
⚠️ Lưu ý
Không pha với nước quá nóng để giữ enzyme và dưỡng chất tự nhiên
Bảo quản nơi khô ráo hoặc ngăn mát tủ lạnh sau khi mở nắp",,,https://drive.google.com/drive/folders/13FMrUl8Dwgrhku5wVCp8qrbz_h6f0yJC?usp=drive_link
Sản phẩm dưỡng sinh ,Chăm sóc sức khỏe ,Mật ong lên men Gừng Quất Muối ,,có,Bán chạy nhất,,255000,,,,500ml,,"Mật Ong lên men Gừng Quất Muối là sự kết hợp hài hòa giữa vị ngọt dịu của mật ong, vị ấm nồng của gừng tươi, vị thanh chua từ quất và chút mặn nhẹ từ muối tự nhiên. Được làm hoàn toàn từ nguyên liệu thiên nhiên, sản phẩm mang đến giải pháp chăm sóc cổ họng và đường hô hấp theo cách lành tính, dễ dùng hằng ngày cho cả gia đình.

🌿 Thành phần tự nhiên, lành tính
Mật ong nguyên chất: Giúp làm dịu cổ họng và bổ sung dưỡng chất tự nhiên
Củ gừng tươi: Mang tính ấm, giúp cơ thể dễ chịu hơn trong thời tiết lạnh
Quả quất: Giàu vitamin tự nhiên, hỗ trợ tăng cường sức đề kháng
Muối hạt tự nhiên: Giúp làm dịu và hỗ trợ làm sạch vùng họng

👉 Không chất bảo quản – không hương liệu tổng hợp – không hóa chất độc hại

💛 Công dụng nổi bật
- Hỗ trợ làm dịu cổ họng khô rát
- Giúp giảm cảm giác khó chịu khi ho hoặc thay đổi thời tiết
- Hỗ trợ giữ ấm cơ thể và đường hô hấp
- Giúp cổ họng thông thoáng, dễ chịu hơn
- Hỗ trợ tăng cường sức đề kháng tự nhiên cho cơ thể

🌱 Phù hợp với
- Người thường xuyên nói nhiều hoặc làm việc trong môi trường lạnh
- Người dễ khô họng khi thay đổi thời tiết
- Người cần bổ sung chất dinh dưỡng 
- Sử dụng như 1 vị thuốc trong gia đình trong các trường hợp sốt, cảm, mệt mỏi 

Không dùng cho trẻ em dưới 1 tuổi ","Mật ong lên men, Gừng, Quất, Muối hạt ",,"🍵 Pha nước ấm
Pha 1–2 muỗng cùng nước ấm
Uống từ từ để làm dịu cổ họng và giữ ấm cơ thể

👉 Thích hợp dùng vào buổi sáng hoặc tối trước khi ngủ

🍯 Ngậm trực tiếp
- Dùng trực tiếp 1 muỗng nhỏ
- Có thể ngậm chậm để hỗn hợp đi qua cổ họng, giúp làm dịu họng tốt hơn
🌿 Sử dụng khi nào?
- Khi cổ họng khô rát, khó chịu
- Khi thời tiết lạnh hoặc thay đổi thất thường
- Khi cần giữ ấm cơ thể và hỗ trợ đường hô hấp
⚠️ Lưu ý
- Không pha với nước quá nóng để giữ dưỡng chất tự nhiên
- Bảo quản nơi khô ráo hoặc ngăn mát tủ lạnh sau khi mở nắp
- Không dùng cho trẻ dưới 1 tuổi

🍯 Một hũ mật ong gừng quất muối không chỉ là sản phẩm chăm sóc sức khỏe, mà còn là cảm giác ấm áp quen thuộc như những bài thuốc dịu lành từ căn bếp của gia đình",,,https://drive.google.com/drive/folders/1K8r-ojmpLJMv4QgWBYPyEiBPiEHvH0LD?usp=drive_link
Sản phẩm dưỡng sinh ,Chăm sóc sức khỏe ,Cốt nghệ Mật Ong lên men ,,có,Bán chạy nhất,,295000,,,,500ml,,"Cốt Nghệ Mật Ong Lên Men là sự kết hợp giữa nghệ tự nhiên giàu curcumin và mật ong nguyên chất, được ủ lên men theo phương pháp truyền thống nhằm tăng khả năng hấp thụ và làm dịu vị hăng của nghệ. Sản phẩm hướng đến cơ chế chăm sóc cơ thể từ gốc — hỗ trợ tiêu hóa, làm đẹp da và nuôi dưỡng sức khỏe một cách tự nhiên, lành tính.

✨ Thành phần nổi bật
Nước cốt nghệ đỏ: Giàu curcumin, hỗ trợ chống oxy hóa và giúp cơ thể thanh lọc tự nhiên
Mật ong lên men: Bổ sung dưỡng chất, hỗ trợ làm dịu và cân bằng hệ tiêu hóa
Quá trình lên men tự nhiên: Giúp dưỡng chất dễ hấp thụ hơn và tạo hệ enzyme có lợi cho cơ thể
💛 Công dụng nổi bật
- Cải thiện hệ vi sinh đường ruột 
- Hỗ trợ làm đẹp da từ bên trong
- Giúp cơ thể chống oxy hóa và giảm cảm giác mệt mỏi
- Hỗ trợ tiêu hóa và làm dịu dạ dày
- Giúp cơ thể hấp thụ dưỡng chất tốt hơn
- Hỗ trợ cải thiện làn da xỉn màu, thiếu sức sống

Phù hợp với người: 
- Mắc các chứng bệnh trào ngược dạ dày, đau dạ dày
- Người tiêu hóa kém, táo bón, đầy hơi, ợ hơi ợ chua
- Người cần detox, người bia rượu nhiều cần thải độc gan
- Người già bị các vấn đề về xương khớp, tiểu đường, mỡ gan, mỡ máu 

Lưu ý: Không sử dụng cho trẻ em dưới 2 tuổi ","Mật ong lên men, Nghệ đỏ",,"🍯 Cách dùng hằng ngày
Pha 15–20ml Cốt Nghệ Mật Ong với khoảng 200ml nước ấm 40–50°C
Khuấy đều và uống từ từ

👉 Nên sử dụng 2 lần/ngày vào buổi sáng và buổi tối
👉 Uống trước bữa ăn khoảng 30 phút để cơ thể hấp thụ tốt hơn

🌿 Có thể sử dụng ngoài da
Dùng một lượng nhỏ bôi trực tiếp lên vùng da có:
Vết thương nhỏ
Da trầy xước nhẹ
Vùng bỏng nhẹ hoặc da cần làm dịu

👉 Nên làm sạch vùng da trước khi sử dụng

⏳ Hạn sử dụng
24 tháng kể từ ngày sản xuất
📦 Bảo quản
- Bảo quản nơi khô ráo, thoáng mát
- Tránh ánh nắng trực tiếp
- Có thể bảo quản lạnh để giữ độ tươi ngon và hương vị dễ dùng hơn

⚠️ Lưu ý
- Không dùng cho:
- Người dị ứng với mật ong hoặc nghệ
- Trẻ em dưới 2 tuổi
- ,Không pha với nước quá nóng để giữ enzyme và dưỡng chất tự nhiên của sản phẩm

💛 Kiên trì sử dụng đều đặn mỗi ngày là cách nhẹ nhàng để cơ thể được nuôi dưỡng, phục hồi và khỏe hơn từ bên trong",,,https://drive.google.com/drive/folders/14WDJRwivwQoPB-1AWimZSMz6maZuylbq?usp=drive_link
,,,,,,,,,,,,,,,,,,,
,,,,,,,,,,,,,,,,,,,
Sản phẩm dưỡng sinh ,Chăm sóc da,Bột cánh hoa hồng ,,,,,168000,,,,25gr,,"Bột cánh hoa hồng được nghiền mịn từ những cánh hoa hồng tự nhiên, giữ lại hương thơm dịu nhẹ cùng các dưỡng chất thực vật quý giá. Đây là nguyên liệu chăm sóc da truyền thống giúp làm dịu, cấp ẩm và mang lại vẻ tươi tắn cho làn da theo cách nhẹ nhàng, lành tính.

✨ Công dụng nổi bật
- Hỗ trợ làm dịu da nhạy cảm, da mệt mỏi
- Giúp da mềm mại và giữ độ ẩm tự nhiên
- Hỗ trợ làm sáng và cải thiện làn da xỉn màu
- Giúp da thư giãn và tươi tắn hơn
- Mang lại hương thơm hoa hồng tự nhiên dễ chịu

🌱 Phù hợp với
- Da khô, da thiếu nước
- Da nhạy cảm cần chăm sóc dịu nhẹ
- Da xỉn màu, thiếu sức sống",,,"💧 Cách sử dụng Bột cánh hoa hồng
🌸 Làm mặt nạ dưỡng da
- Trộn bột với nước lọc, nước hoa hồng, sữa chua hoặc mật ong để tạo hỗn hợp sệt
- Thoa đều lên mặt sạch
- Thư giãn 10–15 phút rồi rửa lại với nước

👉 Giúp da mềm mại, sáng và ẩm mịn hơn

🌸 Tẩy da chết dịu nhẹ
- Trộn cùng sữa tươi hoặc mật ong
- Massage nhẹ nhàng theo chuyển động tròn 1–2 phút
- Rửa sạch với nước

👉 Giúp làm sạch lớp da chết mà không gây khô căng

🌸 Xông mặt hoặc ngâm tắm
- Pha bột vào nước ấm để xông mặt hoặc ngâm cơ thể
- Hương hoa hồng tự nhiên giúp thư giãn và làm dịu tinh thần

✨ Tips sử dụng hiệu quả hơn
Kết hợp cùng mật ong hoặc dầu dưỡng để tăng khả năng cấp ẩm
Dùng 2–3 lần/tuần để da được nuôi dưỡng đều đặn
Bảo quản nơi khô ráo, tránh ánh nắng trực tiếp",,,
Sản phẩm dưỡng sinh ,Chăm sóc sức khỏe ,Trà Hoa cúc cổ ,,,,,168000,,,,30gr,,"Trà Hoa Cúc Cổ được làm từ những bông cúc cổ tự nhiên sấy khô, giữ trọn sắc vàng dịu cùng hương thơm thanh mát đặc trưng. Với vị trà nhẹ nhàng, dễ uống, đây không chỉ là một thức uống thảo mộc mà còn là khoảng thời gian để cơ thể được thư giãn và tái tạo năng lượng sau những ngày mệt mỏi.

✨ Thành phần nổi bật
Hoa cúc cổ tự nhiên: Giàu hoạt chất thực vật và hương thơm tự nhiên giúp cơ thể cảm thấy thư thái, dễ chịu hơn

💛 Công dụng nổi bật
- Giúp thư giãn tinh thần và giảm cảm giác căng thẳng
- Hỗ trợ cơ thể cảm thấy nhẹ nhàng, dễ chịu hơn
- Giúp làm dịu và cân bằng cơ thể sau một ngày dài
- Hỗ trợ giấc ngủ sâu và thư thái hơn
- Hỗ trợ làm đẹp da từ bên trong nhờ chất chống oxy hóa tự nhiên
🌱 Phù hợp với
- Người thường xuyên căng thẳng, khó thư giãn
- Người ngủ không sâu giấc hoặc dễ mệt mỏi
- Người yêu thích trà thảo mộc nhẹ nhàng mỗi ngày
- Người theo đuổi lối sống chậm và chăm sóc cơ thể tự nhiên
✨ Điểm khác biệt

Không hương liệu tổng hợp, không vị đắng gắt, Trà Hoa Cúc Cổ mang hương thơm rất thanh và dịu — tạo cảm giác như được thả lỏng giữa một khu vườn hoa cúc yên bình.",,,"🌼 Pha trà nóng
Cho 3–5 bông hoa cúc vào tách hoặc bình
Rót nước nóng khoảng 80–90°C
Ủ trà trong 3–5 phút để hoa nở và tiết hương thơm
Thưởng thức khi còn ấm

👉 Có thể kết hợp cùng mật ong, táo đỏ hoặc kỷ tử để tăng hương vị và cảm giác thư giãn

❄️ Pha trà lạnh
Pha trà đậm hơn bình thường
Để nguội rồi thêm đá dùng như trà thanh mát mỗi ngày
✨ Nên sử dụng khi nào?
Buổi tối trước khi ngủ để thư giãn tinh thần
Sau giờ làm việc căng thẳng
Khi cần một khoảng nghỉ nhẹ nhàng cho cơ thể và tâm trí
⚠️ Lưu ý
Không dùng nước quá sôi để giữ hương thơm tự nhiên của hoa
Bảo quản nơi khô ráo, tránh ẩm và ánh nắng trực tiếp",,,
Sản phẩm dưỡng sinh ,Chăm sóc sức khỏe ,Mật ong nguyên chất ,,,,,158000,,,,500ml,,"Mật ong rừng nguyên chất được thu hoạch tự nhiên từ những đàn ong hút mật giữa rừng hoa hoang dã, giữ trọn hương thơm, màu sắc và dưỡng chất vốn có của mật ong nguyên bản. Không pha tạp, không tinh luyện, từng giọt mật mang theo vị ngọt thanh tự nhiên và nguồn năng lượng dịu lành từ thiên nhiên.

✨ Đặc điểm nổi bật
Mùi thơm tự nhiên đặc trưng của mật ong rừng
Vị ngọt thanh, hậu dịu, không gắt
Màu sắc có thể thay đổi theo mùa hoa tự nhiên
Kết cấu sánh mịn, có thể kết tinh theo nhiệt độ môi trường — dấu hiệu tự nhiên của mật ong nguyên chất
💛 Công dụng nổi bật
Bổ sung năng lượng tự nhiên cho cơ thể
Hỗ trợ làm dịu cổ họng và cơ thể khi mệt mỏi
Hỗ trợ tiêu hóa và cân bằng cơ thể nhẹ nhàng
Giúp làm đẹp da từ bên trong nhờ các chất chống oxy hóa tự nhiên
Có thể dùng trong chăm sóc da và tóc nhờ đặc tính dưỡng ẩm tự nhiên",Mật ong nguyên chất   ,Chứng nhận OCOP 3 sao ,"Cách sử dụng mật ong:

– Sử dụng mật ong trực tiếp

– Pha loãng với nước ấm

– Dùng như gia vị nấu ăn:gà tẩm mật ong, sườn tẩm mật ong xào chua ngọt,…",,,
Sản phẩm dưỡng sinh ,Chăm sóc sức khỏe ,Mật ong Hoa hồng ,,,,,299000,,,,500ml,,"Mật ong rừng nguyên chất được thu hoạch tự nhiên từ những đàn ong hút mật giữa rừng hoa hoang dã, giữ trọn hương thơm, màu sắc và dưỡng chất vốn có của mật ong nguyên bản. Không pha tạp, không tinh luyện, từng giọt mật mang theo vị ngọt thanh tự nhiên và nguồn năng lượng dịu lành từ thiên nhiên.

✨ Đặc điểm nổi bật
Mùi thơm tự nhiên đặc trưng của mật ong rừng
Vị ngọt thanh, hậu dịu, không gắt
Màu sắc có thể thay đổi theo mùa hoa tự nhiên
Kết cấu sánh mịn, có thể kết tinh theo nhiệt độ môi trường — dấu hiệu tự nhiên của mật ong nguyên chất
💛 Công dụng nổi bật
Bổ sung năng lượng tự nhiên cho cơ thể
Hỗ trợ làm dịu cổ họng và cơ thể khi mệt mỏi
Hỗ trợ tiêu hóa và cân bằng cơ thể nhẹ nhàng
Giúp làm đẹp da từ bên trong nhờ các chất chống oxy hóa tự nhiên
Có thể dùng trong chăm sóc da và tóc nhờ đặc tính dưỡng ẩm tự nhiên",Mật ong nguyên chất lên men ,Chứng nhận OCOP 3 sao ,"Cách sử dụng mật ong:

– Sử dụng mật ong trực tiếp

– Pha loãng với nước ấm

– Dùng như gia vị nấu ăn:gà tẩm mật ong, sườn tẩm mật ong xào chua ngọt,…",,,
,, ,,,,,,,,,,,,,,,,,
Sản phẩm dưỡng sinh ,Chăm sóc sức khỏe ,Tinh chất ngũ sắc ,,,,,135000,,,,20ml,,,,,,,,
Sản phẩm dưỡng sinh ,Chăm sóc sức khỏe ,Cốt gừng quế ,,,,,158000,,,,500ml,,,,,,,,
Sản phẩm dưỡng sinh ,Chăm sóc sức khỏe ,Cao lá tre gai ,,,,,550000,,,,,,,,,,,,
Sản phẩm dưỡng sinh ,Chăm sóc sức khỏe ,Cao bổ phổi ,,,,,550000,,,,,,,,,,,,
Sản phẩm dưỡng sinh ,Chăm sóc sức khỏe ,Cao bổ huyết ,,,,,550000,,,,,,,,,,,,
Sản phẩm dưỡng sinh ,Chăm sóc sức khỏe ,Cao thông kinh lạc ,,,,,550000,,,,,,,,,,,,
Sản phẩm dưỡng sinh ,Chăm sóc sức khỏe ,Cao bổ thận ,,,,,550000,,,,,,,,,,,,
Sản phẩm dưỡng sinh ,Chăm sóc sức khỏe ,Đường Mật mía thô ,,,,,165000,,,,1kg,,,,,,,,